,codgeo,Code Insee Commune,Nom Collectivité,Attribution de compensation de la commune,Bases brutes de FB,Bases brutes de FNB,Bases brutes de TH,Bases nettes FB,Bases nettes FNB,Bases nettes TH,CVAE perçue par l'EPCI sur la commune,Effort fiscal,IFER perçues par l'EPCI sur la commune,Nombre de bénéficiaires des aides au logement de la commune,Nombre de logements TH de la commune,Nombre de logements sociaux de la commune,Population 3 à 16 ans,Population DGF,Population INSEE,Population QPV,Potentiel financier,Potentiel financier par hab.,Produit net FB,Produit net FNB (hors TAFNB),Produit net TH,Prélèvement sur fiscalité au titre de la contribution au redressement des finances publiques,Prélèvements communaux sur le produits des jeux,Recettes réelles de fonctionnement des communes N-2,Revenu imposable des habitants de la commune,Revenu imposable par hab.,TAFNB perçue par l'EPCI sur la commune,TASCOM perçue par l'EPCI sur la commune,Base CFE,CFE - INTERCOMMUNALITE / TAUX NET / FP UNIQUE OU EN ZAE,CFE - INTERCOMMUNALITE / TAUX VOTE / FP UNIQUE OU EN ZAE,Produit CFE,CET,CET par habitant,CVAE par habitant,TASCOM par habitant,IFER par habitant,CFE par habitant,TAFNB par habitant,Bases CFE par habitant,Bases brutes de FB par habitant,Bases brutes de FNB par habitant,Bases brutes de TH par habitant,Bases nettes FB par habitant,Bases nettes FNB par habitant,Bases nettes TH par habitant,CVAE -total-,CVAE par habitant -total-,CET -total-,CET par habitant -total-,Nombre logements sociaux de la commune divisé par Nombre de logements TH de la commune,Population_pc,PF_hab_com / PF_hab_mpm,AC / RRF*100,RRF_5pc,Attribution de compensation de la commune divisé par Recettes réelles de fonctionnement,Potentiel financier par hab. divisé par le Potentiel financier par hab. moyen de la métropole,Tascom_pc,ifer_pc
0,13001,13001,AIX-EN-PROVENCE (13),46912103.0,230575070.0,1548874.0,278936326.0,227566325.0,1487084.0,237732111.0,19508212.0,1.176922,790998.0,31079.0,75096.0,13573.0,18362.0,150455.0,145676.0,14385.0,205986934.0,1369.09331,40427099.0,191151.0,48638917.0,,6583496.0,188905126.3,2667765017.0,18313.002945,234353.0,1617311.0,72826155,28.31,31.02,20751840,40260052.0,276.36708860759495,133.91507180317967,11.102110162277931,5.429844312034927,142.45201680441528,1.6087275872484144,499.9186894203575,1582.7938026854115,10.63232104121475,1914.7720008786623,1562.1401260331145,10.208160575523765,1631.923659353634,73615894.33962263,505.3398935969044,94367734.33962263,647.7919104013196,18.074198359433257,0.07667065082896365,1.060009217190203,24.83368446311983,9445256.315000001,24.83368446311983,106.0009217190203,7.802830430590476,3.732328958397308
1,13002,13002,ALLAUCH (13),814898.0,24993535.0,83431.0,43254722.0,24985296.0,83431.0,38450844.0,603287.0,1.580094,354095.0,1438.0,9059.0,521.0,3470.0,21612.0,21394.0,,22366094.0,1034.892375,8315812.0,65963.0,8104391.0,,,23704704.73,416138890.0,19451.19613,9989.0,58817.0,3002763,32.07,31.02,954989,1558276.0,72.83705711881836,28.198887538562214,2.7492287557259045,16.551135832476394,44.63816958025615,0.4669066093297186,140.35538001308777,1168.2497429185753,3.8997382443675797,2021.815555763298,1167.864634944377,3.8997382443675797,1797.2723193418715,2276554.716981132,106.41089637193288,3231543.716981132,151.04906595218904,5.751186665194834,0.011259863696386834,0.8012568962884348,3.437705760446314,1185235.2365,3.437705760446314,80.12568962884347,0.2837667445754342,1.6707994489539733
2,13003,13003,ALLEINS (13),855288.0,2462398.0,120289.0,4266322.0,2462398.0,120289.0,3968296.0,31892.0,1.094855,7983.0,263.0,1144.0,125.0,488.0,2598.0,2562.0,,3056231.0,1176.378368,332249.0,47425.0,533092.0,,,2648591.89,43851565.0,17116.145589,7618.0,,278447,28.43,31.02,78564,110456.0,43.11319281811085,12.448087431693988,,3.1159250585480094,30.66510538641686,2.9734582357533177,108.68345042935206,961.1233411397346,46.9512099921936,1665.231069476971,961.1233411397346,46.9512099921936,1548.9055425448869,120347.16981132075,46.97391483658109,198911.16981132075,77.63902022299796,10.926573426573427,0.001348404729837481,0.9108012608601297,32.292177712588256,132429.5945,32.292177712588256,91.08012608601297,,0.03766783490588562
3,13005,13005,AUBAGNE (13),12762022.0,65941251.0,313037.0,75719161.0,65790720.0,313037.0,65898990.0,5516465.0,1.612759,245962.0,10304.0,20936.0,5268.0,7839.0,47031.0,46621.0,2230.0,56183185.0,1194.598988,22579213.0,170472.0,15885271.0,,,68702032.31,690778254.0,14816.890543,30243.0,1865546.0,26087639,33.16,31.02,8626856,14143321.0,303.3680315737543,118.32575448832071,40.01514339031767,5.275777010360138,185.0422770854336,0.6486990841037301,559.5684133759464,1414.410909246906,6.714506338345381,1624.14278972995,1411.182085326355,6.714506338345381,1413.5044293344201,20816849.056603774,446.51228108800274,29443705.056603774,631.5545581734364,25.16239969430646,0.02453707139334629,0.9249084258004947,18.575901717746433,3435101.6155000003,18.575901717746433,92.49084258004947,9.000457610482055,1.1605732192310458
4,13007,13007,AURIOL (13),-130740.0,11593997.0,113446.0,19279392.0,11593997.0,113446.0,18065592.0,191078.0,1.555996,68899.0,1332.0,5274.0,425.0,2035.0,12357.0,12084.0,,10567451.0,855.179332,3311441.0,77281.0,4531780.0,,,12367044.83,211781744.0,17525.79808,9497.0,69744.0,2030149,33.16,31.02,672941,864019.0,71.50107580271434,15.812479311486262,5.771598808341609,5.701671631909964,55.68859649122807,0.7859152598477326,168.0030619000331,959.4502648129759,9.388116517709367,1595.4478649453824,959.4502648129759,9.388116517709367,1495.0009930486594,721049.0566037736,59.669733250891554,1393990.0566037735,115.35832974211962,8.058399696624953,0.006359923011458282,0.6621155531543432,-1.0571644382079919,618352.2415,-1.0571644382079919,66.21155531543432,0.3364848229877261,0.3251003579081314
5,13008,13008,AURONS (13),194447.0,612929.0,9510.0,1051550.0,606295.0,9510.0,844997.0,5052.0,0.927733,5081.0,30.0,242.0,,108.0,582.0,567.0,,680758.0,1169.687285,73075.0,4777.0,90206.0,,,624076.93,11973093.0,21116.566138,111.0,,60427,28.43,31.02,17047,22099.0,38.97530864197531,8.91005291005291,,8.961199294532628,30.0652557319224,0.19576719576719576,106.57319223985891,1081.0035273368608,16.772486772486772,1854.5855379188713,1069.3033509700176,16.772486772486772,1490.294532627866,19064.150943396227,33.62284117001098,36111.15094339623,63.688096901933385,,0.0002984174402099343,0.9056207449660125,31.157536940197417,31203.846500000003,31.157536940197417,90.56207449660126,,0.023974729945735292
6,13009,13009,BARBEN (13),201613.0,877466.0,27224.0,1484615.0,868172.0,27224.0,1383941.0,12840.0,1.093264,14637.0,40.0,319.0,,157.0,887.0,878.0,,919914.0,1037.107103,141989.0,13553.0,158705.0,,,972129.91,16216102.0,18469.364465,415.0,,109833,28.43,31.02,31373,44213.0,50.35649202733485,14.624145785876992,,16.670842824601365,35.73234624145786,0.47266514806378135,125.09453302961276,999.3917995444191,31.006833712984054,1690.9054669703874,988.8063781321184,31.006833712984054,1576.242596810934,48452.83018867925,55.18545579576224,79825.83018867925,90.9178020372201,,0.00046209966931979246,0.8029716311983361,20.739306334068043,48606.495500000005,20.739306334068043,80.29716311983361,,0.06906477508674029
7,13012,13012,BEAURECUEIL (13),277325.0,904581.0,10061.0,1280216.0,896667.0,10061.0,1225506.0,10762.0,0.939814,8837.0,23.0,231.0,,64.0,659.0,636.0,,895138.0,1358.327769,139952.0,3427.0,111186.0,,,730402.21,15492611.0,24359.451258,426.0,,115601,28.31,31.02,32588,43350.0,68.16037735849056,16.92138364779874,,13.894654088050315,51.23899371069182,0.6698113207547169,181.76257861635222,1422.2971698113208,15.819182389937106,2012.9182389937107,1409.8537735849056,15.819182389937106,1926.8962264150944,40611.32075471698,63.85427791622167,73199.32075471699,115.0932716269135,,0.0003347327900767517,1.0516740857534428,37.968806255391804,36520.1105,37.968806255391804,105.16740857534428,,0.041697439191195194
8,13013,13013,BELCODENE (13),19638.0,1771268.0,12107.0,3134691.0,1731285.0,12107.0,2805099.0,26265.0,1.320467,10101.0,97.0,723.0,,348.0,1962.0,1932.0,,1635992.0,833.83894,533316.0,12971.0,491260.0,,,1703783.63,34405622.0,17808.292961,1501.0,,416712,33.16,31.02,138073,164338.0,85.06107660455487,13.59472049689441,,5.228260869565218,71.46635610766046,0.7769151138716356,215.68944099378882,916.8053830227743,6.26656314699793,1622.5108695652175,896.110248447205,6.26656314699793,1451.9145962732919,99113.20754716982,51.30083206375249,237186.20754716982,122.76718817141295,,0.0010168297962708872,0.6455929304424902,1.1526111446439946,85189.1815,1.1526111446439946,64.55929304424902,,0.04766163101394847
9,13014,13014,BERRE-L'ETANG (13),34678238.0,25342581.0,392967.0,15421943.0,25259778.0,392967.0,11120309.0,3148624.0,1.209661,60411.0,3518.0,5404.0,1347.0,2401.0,13621.0,13563.0,3059.0,46010192.0,3377.886499,7353757.0,4.0,179385.0,965826.0,,45979128.64,160020929.0,11798.343213,25677.0,42587.0,21377865,28.43,31.02,6090019,9238643.0,681.1651552016516,232.14804984148049,3.1399395413993956,4.454103074541031,449.01710536017106,1.8931652289316523,1576.1900022119,1868.508515815085,28.973457199734572,1137.0598687605986,1862.4034505640345,28.973457199734572,819.9003907690039,11881600.0,876.0303767603037,17971619.0,1325.0474821204748,24.9259807549963,0.007138334641212238,2.6153007960884316,75.42169463783905,2298956.432,75.42169463783905,261.53007960884315,0.20546397047170065,0.2850496773768578
10,13015,13015,BOUC-BEL-AIR (13),2893511.0,20296250.0,118567.0,26877178.0,20025489.0,118567.0,23492637.0,1229314.0,1.297011,85400.0,1028.0,5888.0,509.0,2545.0,15067.0,14946.0,,17064900.0,1132.601049,4564651.0,40170.0,4937300.0,,,16136896.16,310058278.0,20745.234712,17577.0,157454.0,7692985,28.31,31.02,2186357,3415671.0,228.53412284223202,82.25036799143584,10.534858825103706,5.71390338552121,146.28375485079619,1.1760337213970293,514.7186538204202,1357.9720326508766,7.933025558677907,1798.285695169276,1339.8560818948213,7.933025558677907,1571.834403853874,4638920.754716981,310.37874713749375,6825277.754716981,456.66250198828993,8.644701086956522,0.007866220566803665,0.8769070322455179,17.931025714674984,806844.8080000001,17.931025714674984,87.6907032245518,0.7596478739204723,0.40296042853095726
11,13016,13016,BOUILLADISSE (13),-38722.0,5182952.0,33970.0,8885029.0,5113547.0,33970.0,8314717.0,90720.0,1.463639,1105.0,391.0,2533.0,40.0,1067.0,6354.0,6275.0,,5102978.0,803.112685,1289283.0,32885.0,2069028.0,,,5676322.05,106104372.0,16909.063267,3862.0,11196.0,873749,33.16,31.02,288647,379367.0,60.456892430278884,14.457370517928286,1.784223107569721,0.17609561752988048,45.999521912350595,0.6154581673306773,139.24286852589643,825.9684462151395,5.413545816733068,1415.940876494024,814.9078884462151,5.413545816733068,1325.0545019920319,342339.6226415094,54.55611516199353,630986.6226415094,100.55563707434413,1.5791551519936835,0.003302591600206945,0.621803380620107,-0.6821670733076183,283816.1025,-0.6821670733076183,62.1803380620107,0.054015887792076465,0.005213949338720232
12,13019,13019,CABRIES (13),2434781.0,17216343.0,132247.0,19782037.0,17211268.0,132247.0,18278497.0,983015.0,1.151051,500313.0,443.0,4019.0,152.0,1838.0,10290.0,10080.0,,12806665.0,1244.573858,3531351.0,56670.0,2630828.0,,,13476317.39,232204826.0,23036.193056,18118.0,788947.0,7463878,28.31,31.02,2142123,3125138.0,310.03353174603177,97.52132936507937,78.26855158730159,49.63422619047619,212.51220238095237,1.797420634920635,740.4640873015873,1707.9705357142857,13.119742063492064,1962.5036706349206,1707.4670634920635,13.119742063492064,1813.3429563492064,3709490.566037736,368.0050164719976,5851613.566037736,580.51721885295,3.7820353321721822,0.005305198937065499,0.9636010572237556,18.067109355903945,673815.8695,18.067109355903945,96.36010572237555,3.8063301738027286,2.3607299868806653
13,13020,13020,CADOLIVE (13),12709.0,1841117.0,4572.0,3240271.0,1824345.0,4572.0,3035855.0,14936.0,1.360719,1105.0,148.0,937.0,,386.0,2229.0,2205.0,,1816592.0,814.980709,401559.0,3813.0,700656.0,,,2376754.21,35606467.0,16148.057596,580.0,,186578,33.16,31.02,61926,76862.0,34.858049886621316,6.773696145124717,,0.5011337868480725,28.0843537414966,0.26303854875283444,84.61587301587302,834.9736961451247,2.073469387755102,1469.5106575963719,827.3673469387755,2.073469387755102,1376.8049886621316,56362.264150943396,25.561117528772513,118288.2641509434,53.64547127026912,,0.0011605122674830778,0.6309921004377756,0.5347208367835393,118837.7105,0.5347208367835393,63.09921004377757,,0.005213949338720232
14,13021,13021,CARRY-LE-ROUET (13),-405749.0,12306085.0,59706.0,20825463.0,12306085.0,59706.0,17771996.0,216672.0,0.971789,32429.0,298.0,3771.0,46.0,737.0,7198.0,5951.0,,10767619.0,1495.918172,1780162.0,11981.0,1707151.0,,2609963.0,8024179.9,168320879.0,28284.469669,11937.0,27588.0,1346294,32.07,31.02,427797,644469.0,108.29591665266342,36.40934296756848,4.635859519408503,5.449336246009074,71.88657368509494,2.0058813644765587,226.2298773315409,2067.902033271719,10.032935641068727,3499.48966560242,2067.902033271719,10.032935641068727,2986.388170055453,817630.1886792453,137.3937470474282,1245427.1886792453,209.28032073252317,1.2198355873773536,0.003132067348658411,1.1582023218580473,-5.056579053019487,401208.99500000005,-5.056579053019487,115.82023218580473,0.13310024226579184,0.15301643719941935
15,13022,13022,CASSIS (13),-761211.0,13867195.0,78537.0,20716997.0,13711082.0,78537.0,20229154.0,468033.0,1.10754,30656.0,606.0,5194.0,272.0,923.0,9262.0,7250.0,,12808473.0,1382.905744,2037289.0,20104.0,2403677.0,,4312104.0,15379306.22,219758440.0,30311.508966,7984.0,13293.0,3015502,32.07,31.02,972286,1440319.0,198.66468965517242,64.55627586206897,1.8335172413793104,4.2284137931034484,134.10841379310344,1.1012413793103448,415.9313103448276,1912.7165517241378,10.832689655172414,2857.516827586207,1891.183724137931,10.832689655172414,2790.2281379310343,1766162.2641509436,243.60858815875082,2738448.2641509436,377.7170019518543,5.236811705814401,0.0038157432831076254,1.070703380433051,-4.949579578629393,768965.3110000001,-4.949579578629393,107.0703380433051,0.06413301147017439,0.14465052572652254
16,13023,13023,CEYRESTE (13),-87782.0,5418625.0,29038.0,9792647.0,5418625.0,29038.0,7932517.0,70599.0,1.111553,23598.0,360.0,2248.0,110.0,762.0,4840.0,4676.0,,4464491.0,922.415496,1011558.0,17343.0,1138382.0,,,3302909.78,96849623.0,20712.06651,4100.0,,652297,32.07,31.02,206170,276769.0,59.18926432848588,15.098160821214714,,5.046621043627032,44.09110350727117,0.8768177929854577,139.49893071000855,1158.8162959794697,6.2100085543199315,2094.235885372113,1158.8162959794697,6.2100085543199315,1696.4322070145424,266411.320754717,56.97419177816874,472581.320754717,101.0652952854399,4.893238434163702,0.0024610228402498287,0.7141725992650368,-2.6577171599279956,165145.489,-2.6577171599279956,71.41725992650369,,0.1113473090453575
17,13024,13024,CHARLEVAL (13),1059278.0,2664881.0,128367.0,3962112.0,2640002.0,128367.0,3568563.0,39814.0,1.042238,30354.0,385.0,1197.0,108.0,504.0,2785.0,2736.0,,3322726.0,1193.079354,331517.0,72229.0,430313.0,,,2645873.54,38723308.0,14153.255848,986.0,,506533,28.43,31.02,137868,177682.0,64.9422514619883,14.551900584795321,,11.094298245614034,50.39035087719298,0.3603801169590643,185.13633040935673,974.0062134502924,46.91776315789474,1448.140350877193,964.9130116959064,46.91776315789474,1304.2993421052631,150241.50943396226,54.912832395454046,288109.5094339623,105.30318327264703,9.022556390977442,0.001439982568632064,0.9237318616941698,40.03509555486919,132293.677,40.03509555486919,92.37318616941698,,0.14322553685747866
18,13025,13025,CHATEAUNEUF-LE-ROUGE (13),467852.0,3013381.0,28456.0,4353264.0,2806770.0,28456.0,3402185.0,354662.0,1.08617,9561.0,101.0,968.0,9.0,341.0,2338.0,2307.0,,2570246.0,1099.335329,686441.0,20950.0,465952.0,,,2639889.31,54942465.0,23815.546164,2538.0,,1621717,28.31,31.02,451571,806233.0,349.4724750758561,153.73298656263546,,4.144343302990897,195.73948851322064,1.1001300390117035,702.9549198092761,1306.1902904204594,12.334633723450368,1886.9804941482444,1216.631989596879,12.334633723450368,1474.7225834416993,1338347.1698113207,580.1244775948508,1789918.1698113207,775.8639661080714,0.9297520661157025,0.0012141958281557644,0.8511513225660451,17.72240973239897,131994.46550000002,17.72240973239897,85.11513225660451,,0.045113637671949446
19,13026,13026,CHATEAUNEUF-LES-MARTIGUES (13),12730546.0,19843469.0,83648.0,26087920.0,19843469.0,83648.0,24249115.0,1237032.0,1.186912,94877.0,3184.0,7342.0,1362.0,2853.0,16959.0,16920.0,,26451810.0,1559.750575,3441079.0,39377.0,3839956.0,149119.0,,26031352.67,237649531.0,14045.480556,7126.0,262141.0,7294732,32.07,31.02,2342381,3579413.0,211.549231678487,73.11063829787234,15.492966903073286,5.607387706855792,138.43859338061466,0.4211583924349882,431.1307328605201,1172.7818557919622,4.9437352245862884,1541.839243498818,1172.7818557919622,4.9437352245862884,1433.1628250591016,4668045.283018868,275.88920112404656,7010426.283018868,414.32779450466126,18.550803595750477,0.008905155358645658,1.2076240340533977,48.90466569826546,1301567.6335000002,48.90466569826546,120.76240340533977,1.2647176528852015,0.44767771168304016
20,13028,13028,CIOTAT (13),6787647.0,50239724.0,179073.0,66816285.0,50239724.0,179073.0,60372747.0,2977129.0,1.746184,186796.0,6911.0,22640.0,3931.0,4978.0,40151.0,35563.0,,47107177.0,1173.250405,16990156.0,75827.0,15822147.0,,2680814.0,59052155.44,669945571.0,18838.274921,30167.0,469437.0,14270959,32.07,31.02,4606712,7583841.0,213.25087872226752,83.71422545904451,13.200151843207829,5.252537749908613,129.536653263223,0.8482692686218823,401.28670247166997,1412.6964541799061,5.035373843601496,1878.8146388099992,1412.6964541799061,5.035373843601496,1697.6280684981582,11234449.056603774,315.9027375813,15841161.056603774,445.4393908445231,17.363074204946997,0.018717141845125032,0.9083794612743661,11.494325565976327,2952607.772,11.494325565976327,90.83794612743661,2.2648317539700784,0.8813980820593524
21,13029,13029,CORNILLON-CONFOUX (13),1131978.0,1628547.0,35904.0,2845806.0,1628547.0,35904.0,2687060.0,8094.0,0.827398,2092.0,83.0,652.0,6.0,211.0,1437.0,1395.0,,2427115.0,1689.01531,130643.0,9137.0,220412.0,,,1876979.6,29844094.0,21393.615771,944.0,,112461,33.19,31.02,36966,45060.0,32.30107526881721,5.802150537634408,,1.499641577060932,26.498924731182797,0.6767025089605735,80.61720430107528,1167.4172043010753,25.73763440860215,2040.0043010752688,1167.4172043010753,25.73763440860215,1926.2078853046594,30543.39622641509,21.894907689186446,67509.39622641509,48.39383242036924,0.9202453987730062,0.0007342016386117431,1.3077061902927334,60.30848710342936,93848.98000000001,60.30848710342936,130.77061902927335,,0.009871114947151788
22,13030,13030,CUGES-LES-PINS (13),81952.0,4592596.0,40116.0,7781093.0,4592596.0,40116.0,7266265.0,54764.0,1.554747,22805.0,612.0,2246.0,76.0,985.0,5214.0,5134.0,,4321026.0,828.735328,1475265.0,44986.0,1736790.0,,,5358112.56,85179945.0,16591.34106,3364.0,19931.0,457338,33.16,31.02,148750,203514.0,39.64043630697312,10.666926373198287,3.882158161277756,4.441955590183093,28.973509933774835,0.6552395792754188,89.08024931827036,894.5453837164005,7.813790416828983,1515.6005064277367,894.5453837164005,7.813790416828983,1415.3223607323723,206656.6037735849,40.25255235169165,355406.60377358494,69.22606228546648,3.383793410507569,0.0027020725538585586,0.6416415008931321,1.5294938111565168,267905.62799999997,1.5294938111565168,64.16415008931321,0.09615850835868846,0.10760553363757003
23,13031,13031,DESTROUSSE (13),70358.0,3517693.0,10892.0,5194874.0,3477305.0,10892.0,4163156.0,204101.0,1.139632,7733.0,299.0,1558.0,38.0,538.0,3569.0,3545.0,,3033400.0,849.929952,624192.0,6939.0,840647.0,,,2618763.7,56990728.0,16076.36897,1466.0,73055.0,1116265,33.16,31.02,373279,577380.0,162.8716502115656,57.574330042313115,20.60789844851904,2.181382228490832,105.29732016925247,0.41354019746121295,314.88434414668546,992.2970380818053,3.072496473906911,1465.4087447108604,980.9040902679831,3.072496473906911,1174.374047954866,770192.4528301887,217.26162280118157,1143471.4528301887,322.55894297043403,2.4390243902439024,0.001865766888085039,0.6580512639317672,2.686687615228514,130938.18500000001,2.686687615228514,65.80512639317672,0.3524589748705025,0.03648820835866385
24,13032,13032,EGUILLES (13),1556181.0,10018711.0,88196.0,14866713.0,10018711.0,88196.0,11959747.0,601480.0,1.21557,73846.0,459.0,3573.0,159.0,1245.0,8072.0,7996.0,,8921409.0,1105.229063,2275374.0,40766.0,2345420.0,,,9983935.16,193188936.0,24160.697349,6349.0,14640.0,2779398,28.31,31.02,778786,1380266.0,172.61955977988995,75.22261130565283,1.8309154577288644,9.23536768384192,97.39694847423712,0.7940220110055027,347.5985492746373,1252.9653576788394,11.030015007503751,1859.2687593796898,1252.9653576788394,11.030015007503751,1495.7162331165582,2269735.849056604,283.85891058736917,3048521.849056604,381.25585906160626,4.450041981528128,0.004208370109203941,0.8557144975651744,15.586850025175844,499196.75800000003,15.586850025175844,85.57144975651744,0.07063170750946762,0.3484428080245559
25,13033,13033,ENSUES-LA-REDONNE (13),213815.0,7390682.0,73871.0,12320505.0,7390682.0,73871.0,11628598.0,104223.0,1.432147,32032.0,383.0,2670.0,70.0,957.0,5987.0,5576.0,,5969242.0,997.033907,2177976.0,26870.0,1951496.0,,,6918103.08,108008217.0,19370.196736,13605.0,12664.0,979386,32.07,31.02,314235,418458.0,75.04626972740316,18.69135581061693,2.2711621233859396,5.744619799139167,56.354913916786224,2.4399210903873745,175.64311334289815,1325.4451219512196,13.248027259684362,2209.5597202295553,1325.4451219512196,13.248027259684362,2085.4730989956956,393294.3396226415,70.53341815327143,707529.3396226414,126.88833207005764,2.6217228464419478,0.0029347013167735337,0.7719452893032979,3.0906593545582153,345905.15400000004,3.0906593545582153,77.19452893032978,0.061098356823763515,0.1511431902424312
26,13035,13035,EYGUIERES (13),1822649.0,6912836.0,216589.0,11269898.0,6797440.0,216589.0,9138577.0,117297.0,1.283229,13262.0,828.0,3432.0,204.0,1246.0,7407.0,7176.0,,7957078.0,1074.264615,1272870.0,126413.0,1950388.0,,,7874240.48,123482478.0,17207.703177,6600.0,38702.0,767686,28.43,31.02,226703,344000.0,47.937569676700114,16.345735785953178,5.393255295429208,1.8481047937569677,31.591833890746933,0.919732441471572,106.97965440356745,963.3272017837235,30.182413600891863,1570.4986064659977,947.2463768115942,30.182413600891863,1273.4917781493868,442630.1886792453,61.68202183378557,669333.1886792453,93.27385572453251,5.944055944055944,0.0037767963861490097,0.8317405287746858,23.146981662922236,393712.02400000003,23.146981662922236,83.17405287746858,0.18672051530269232,0.06257682907702056
27,13037,13037,FARE-LES-OLIVIERS (13),2506903.0,7836145.0,76889.0,12205625.0,7627398.0,76889.0,11375449.0,153974.0,1.431904,28996.0,757.0,3600.0,201.0,1535.0,8625.0,8574.0,,9449846.0,1095.634319,2121267.0,51230.0,2031669.0,,,10755967.63,142586542.0,16630.107534,4678.0,97692.0,2158265,28.43,31.02,614593,768567.0,89.63925822253324,17.95824585957546,11.393981805458363,3.3818521110333566,71.68101236295777,0.5456029857709354,251.72206671331935,913.9427338465127,8.967693025425705,1423.5625145789597,889.5962211336599,8.967693025425705,1326.7376953580592,581033.962264151,67.76696550783193,1195626.9622641508,139.44797787078969,5.583333333333333,0.004512576953015832,0.8482858460610776,23.307089480335296,537798.3815,23.307089480335296,84.82858460610775,0.47132191052014416,0.13681780545296998
28,13039,13039,FOS-SUR-MER (13),29280836.0,98157265.0,127155.0,23991889.0,93895116.0,127155.0,17485397.0,7405025.0,1.215851,7375648.0,2654.0,6892.0,1172.0,2954.0,15885.0,15654.0,,57736206.0,3634.636827,24921622.0,12.0,357226.0,1240794.0,,60089612.64,234076783.0,14953.161045,21131.0,86842.0,112462065,33.19,31.02,37373089,44778114.0,2860.4902261402835,473.04363102082533,5.547591669860738,471.16698607384694,2387.4465951194584,1.349878625271496,7184.238213875048,6270.427047400026,8.122844001533155,1532.6363229845406,5998.154848600997,8.122844001533155,1116.9922703462373,27943490.566037737,1785.0703057389633,65316579.56603774,4172.516900858422,17.005223447475334,0.008238847635002313,2.814087622529507,48.72861500276764,3004480.632,48.72861500276764,281.4087622529507,0.4189753240121029,34.80204073505267
29,13040,13040,FUVEAU (13),1016306.0,11463829.0,133232.0,16239419.0,11358309.0,133232.0,14336783.0,354275.0,1.254645,63948.0,874.0,4278.0,226.0,1898.0,10639.0,10338.0,,10314418.0,969.491306,2384669.0,53079.0,2940276.0,,,10715003.83,190899726.0,18465.827626,13476.0,26147.0,3759889,28.31,31.02,1066016,1420291.0,137.38547107757788,34.26920100599729,2.529212613658348,6.185722576900755,103.11627007158057,1.3035403366221707,363.6959760108338,1108.902011994583,12.887599148771523,1570.8472625266008,1098.6950087057457,12.887599148771523,1386.8043141806927,1336886.7924528301,129.31773964527278,2402902.79245283,232.43400971685335,5.282842449742871,0.005440986767002294,0.7506206573646669,9.484886950339055,535750.1915000001,9.484886950339055,75.06206573646669,0.12614803662910176,0.3017390337669515
30,13041,13041,GARDANNE (13),4392324.0,23062804.0,122890.0,26391383.0,22768592.0,122890.0,21132544.0,1239359.0,1.315289,1466866.0,4357.0,9655.0,2153.0,3464.0,21223.0,21143.0,1250.0,31949810.0,1505.433256,5126022.0,45498.0,5193833.0,,,33902206.21,310016508.0,14662.843873,16294.0,244561.0,10275707,32.69,31.02,3369523,4608882.0,217.98618928250485,58.61793501395261,11.566996168944804,69.37832852480726,159.36825426855225,0.7706569550205742,486.00988506834415,1090.8009270207633,5.812325592394646,1248.23265383342,1076.8855886108877,5.812325592394646,999.505462800927,4676826.415094339,221.1997547696325,8046349.415094339,380.5680090381847,22.29932677369239,0.011127760032378555,1.1655692972633536,12.955864797685093,1695110.3105000001,12.955864797685093,116.55692972633535,1.1799017090316195,6.921416299268046
31,13042,13042,GEMENOS (13),7915602.0,13041760.0,83267.0,12054035.0,12845465.0,83267.0,11330428.0,1418925.0,0.842046,31406.0,498.0,2854.0,57.0,1047.0,6698.0,6626.0,,14671959.0,2190.498507,1846582.0,562.0,112874.0,86746.0,,13533205.93,145235866.0,21919.086327,11679.0,21502.0,6973476,32.07,31.02,2227800,3646725.0,550.3659824932085,214.14503471174163,3.2450950799879266,4.739812858436462,336.220947781467,1.7626018714156353,1052.4412918804708,1968.270449743435,12.566706912164202,1819.202384545729,1938.645487473589,12.566706912164202,1709.9951705402957,5354433.96226415,808.0944706103458,7582233.96226415,1144.3154183918127,1.9971969166082693,0.00348732620605119,1.6959754245394554,58.49022057998049,676660.2965,58.49022057998049,169.59754245394555,0.10373790811943802,0.14818940536818787
32,13043,13043,GIGNAC-LA-NERTHE (13),712167.0,10753222.0,71198.0,15507563.0,10753222.0,71198.0,13485169.0,281884.0,1.602944,55945.0,1296.0,4104.0,358.0,1463.0,9438.0,9409.0,,9708769.0,1028.689235,3497640.0,36294.0,3050041.0,,,10980114.71,141640537.0,15053.729089,4716.0,39951.0,1859685,32.07,31.02,589623,871507.0,92.62482729301732,29.958975449038157,4.246041024550962,5.945902858964821,62.66585184397917,0.5012222340312467,197.6495908173026,1142.865554256563,7.56701030927835,1648.162716547986,1142.865554256563,7.56701030927835,1433.2202146880645,1063713.2075471699,113.05273754354022,1653336.2075471699,175.7185893875194,8.723196881091617,0.0049520453173461584,0.7964541662425761,6.485970491286425,549005.7355000001,6.485970491286425,79.64541662425762,0.19274640346384841,0.2639768287372881
33,13044,13044,GRANS (13),4292037.0,10303088.0,126063.0,7512459.0,10227086.0,126063.0,7086339.0,513897.0,1.137061,16737.0,425.0,2272.0,170.0,864.0,5255.0,5200.0,,9389232.0,1786.723501,2352916.0,30471.0,397209.0,,,8772672.14,95969900.0,18455.75,2549.0,25719.0,7291320,33.19,31.02,2387960,2901857.0,558.0494230769231,98.82634615384616,4.945961538461538,3.2186538461538463,459.2230769230769,0.4901923076923077,1402.176923076923,1981.363076923077,24.242884615384614,1444.7036538461539,1966.7473076923077,24.242884615384614,1362.7575,1939233.962264151,372.92960812772134,4327193.962264151,832.1526850507984,7.482394366197183,0.002736808975470297,1.383355952291045,48.92508156585457,438633.6070000001,48.92508156585457,138.3355952291045,0.12408312058989056,0.07897363808340319
34,13046,13046,GREASQUE (13),380119.0,3999623.0,10953.0,6584612.0,3964944.0,10953.0,5555946.0,114258.0,1.166111,7181.0,432.0,1787.0,88.0,761.0,4351.0,4309.0,,4032970.0,926.906458,794288.0,10586.0,1020093.0,,,3803641.84,72044846.0,16719.620794,1449.0,67665.0,718816,28.31,31.02,202446,316704.0,73.49825945695056,26.516129032258064,15.703179391970295,1.6665119517289395,46.98213042469251,0.33627291715015084,166.817359016013,928.2021350661406,2.5418890693896494,1528.1067533070318,920.1540960779763,2.5418890693896494,1289.381759108842,431162.26415094343,100.06086427267194,633608.2641509434,147.04299469736443,4.924454392837157,0.0022678672837118286,0.7176496895986759,9.9935539672158,190182.092,9.9935539672158,71.76496895986759,0.32645454157295944,0.03388359294239817
35,13047,13047,ISTRES (13),60956056.0,47080893.0,348802.0,60005601.0,46170506.0,348802.0,44082718.0,2294076.0,1.489186,341690.0,9418.0,19102.0,4913.0,7531.0,44167.0,43817.0,3135.0,94476770.0,2139.080535,12972496.0,192890.0,10989120.0,,,101891762.1,613070288.0,13991.608006,33497.0,748259.0,15284994,33.19,31.02,5057636,7351712.0,167.78218499669077,52.35584362233836,17.0769107880503,7.7981148869160375,115.42634137435242,0.7644749754661433,348.8370723691718,1074.489193691946,7.96042631855216,1369.4593650866102,1053.712166510715,7.96042631855216,1006.0642672935162,8656890.566037737,197.56922121637118,13714526.566037737,312.99556259072364,25.719819914145113,0.02306129978426577,1.656165483280428,59.82432214704039,5094588.105,59.82432214704039,165.6165483280428,3.6100280621124816,1.6122663796808288
36,13048,13048,JOUQUES (13),887833.0,5081897.0,63295.0,7802250.0,5041819.0,63295.0,6383934.0,75253.0,0.940041,43311.0,378.0,2085.0,117.0,738.0,4708.0,4510.0,,4899204.0,1040.612574,742121.0,22854.0,835467.0,,,3741957.11,75079588.0,16647.358758,2029.0,,1572889,28.31,31.02,445291,520544.0,115.419955654102,16.685809312638582,,9.603325942350333,98.73414634146341,0.4498891352549889,348.7558758314856,1126.8064301552106,14.034368070953438,1729.988913525499,1117.919955654102,14.034368070953438,1415.5064301552106,283973.58490566036,62.96531816090031,729264.5849056604,161.69946450236372,5.611510791366906,0.002373655476802123,0.8056857132433305,23.726434427250826,187097.8555,23.726434427250826,80.56857132433305,,0.20436322154688863
37,13049,13049,LAMANON (13),1358912.0,2750869.0,85358.0,3626316.0,2685727.0,85358.0,3395271.0,233496.0,1.025945,11074.0,98.0,886.0,,361.0,2062.0,2046.0,,3213524.0,1558.450048,447620.0,36237.0,302915.0,,,2652622.12,36389328.0,17785.595308,2457.0,,1333634,28.43,31.02,379711,613207.0,299.7101661779081,114.12316715542522,,5.4125122189638315,185.5869990224829,1.2008797653958945,651.8250244379277,1344.510752688172,41.71945259042033,1772.392961876833,1312.6720430107528,41.71945259042033,1659.467741935484,881116.9811320755,430.6534609638687,1260827.9811320757,616.2404599863518,,0.00107682906996389,1.2066171117369013,51.22900807296291,132631.106,51.22900807296291,120.66171117369014,,0.0522527375357356
38,13050,13050,LAMBESC (13),998221.0,9851153.0,153306.0,15688791.0,9755390.0,153306.0,11982169.0,246628.0,1.274351,43609.0,1062.0,4288.0,231.0,1725.0,10162.0,9919.0,,9567122.0,941.460539,2255015.0,102249.0,2833888.0,,,9712754.09,164757176.0,16610.260712,4684.0,93336.0,1810133,28.31,31.02,515118,761746.0,76.79665288839601,24.864200020163324,9.409819538259905,4.396511745135598,51.93245286823269,0.4722250226837383,182.49148099606816,993.1598951507208,15.455791914507511,1581.690795443089,983.50539368888,15.455791914507511,1208.0017138824478,930671.6981132075,93.82716988740877,1445789.6981132075,145.75962275564143,5.387126865671641,0.0052204631207095915,0.7289180669218642,10.27742482462047,485637.7045,10.27742482462047,72.89180669218642,0.45030608279396656,0.20576933639117698
39,13051,13051,LANCON-PROVENCE (13),2816312.0,8626067.0,129087.0,12950861.0,8526025.0,129087.0,11969031.0,426341.0,1.44292,42361.0,611.0,3615.0,42.0,1742.0,9131.0,9075.0,,10016595.0,1096.987734,2229427.0,129837.0,2194958.0,,,11501263.97,151203433.0,16661.535317,3739.0,49702.0,2949810,28.43,31.02,843055,1269396.0,139.878347107438,46.979724517906334,5.476804407713499,4.667878787878788,92.89862258953168,0.41201101928374656,325.0479338842975,950.5307988980717,14.224462809917355,1427.0921212121211,939.5068870523417,14.224462809917355,1318.901487603306,1608833.962264151,177.2819793128541,2451888.9622641513,270.18060190238583,1.161825726141079,0.004776257971614028,0.8493337164759024,24.486978190797927,575063.1985,24.486978190797927,84.93337164759023,0.2397907873384945,0.1998806406674459
40,13053,13053,MALLEMORT (13),3738260.0,10287850.0,391079.0,11799765.0,10141200.0,391079.0,11109646.0,244948.0,0.889874,89435.0,746.0,3148.0,213.0,1069.0,7669.0,6132.0,,10619352.0,1384.711436,723453.0,133317.0,1102669.0,,,7703025.38,101197643.0,16503.203359,19079.0,146223.0,4344263,28.43,31.02,1224628,1469576.0,239.65688193085452,39.94585779517286,23.845890410958905,14.584964122635355,199.71102413568167,3.111382909328115,708.4577625570777,1677.7315720808872,63.776744944553165,1924.2930528375734,1653.8160469667318,63.776744944553165,1811.749184605349,924332.0754716981,150.73908601952024,2148960.0754716983,350.45011015520197,6.766200762388818,0.0032273293533815117,1.0721014225894376,48.529763509619904,385151.26900000003,48.529763509619904,107.21014225894376,0.7054631261719182,0.42199960100311673
41,13054,13054,MARIGNANE (13),8984170.0,53833876.0,286188.0,49913295.0,53772553.0,286188.0,45155259.0,4817061.0,1.45829,105069.0,7585.0,14661.0,1751.0,6376.0,33360.0,33162.0,7103.0,41843280.0,1254.294964,15525088.0,86307.0,6940845.0,,,44598379.57,454696293.0,13711.365207,55503.0,482519.0,30657748,32.07,31.02,9832608,14649669.0,441.76072010132077,145.25845847656956,14.550358844460527,3.168355346480912,296.5022616247512,1.673692780893794,924.4842892467282,1623.3603522103613,8.6299981907002,1505.135245160123,1621.5111573487727,8.6299981907002,1361.6566853627646,18177588.679245282,548.1451263266775,28010196.679245282,844.6473879514288,11.943250801446013,0.017453472931643458,0.9711275434654295,20.144610828065563,2229918.9785,20.144610828065563,97.11275434654296,2.3279467811312027,0.49576872676017736
42,13055,13055,MARSEILLE (13),129283765.0,982107371.0,2509002.0,1204903157.0,974287018.0,2509002.0,1079209470.0,51303797.0,1.873365,3593913.0,270663.0,402690.0,79037.0,145943.0,883397.0,869815.0,237877.0,939469998.0,1063.474291,235701741.0,633353.0,353139161.0,,,1151953909.0,11781274666.0,13544.575187,472108.0,7435370.0,227237998,32.07,31.02,72568708,123872505.0,142.4124727671976,58.98242384874945,8.548220023798164,4.1318130866908485,83.43004891844818,0.5427682898087525,261.24865402413155,1129.0991429211958,2.8845237205612686,1385.240720153136,1120.108319585199,2.8845237205612686,1240.734489517886,193599233.96226415,222.57518433490358,266167941.96226415,306.0052332533518,19.627256698701235,0.45779182673051855,0.8233862093043287,11.222998072225822,57597695.45,11.222998072225822,82.33862093043287,35.87246441698567,16.95790073282176
43,13056,13056,MARTIGUES (13),95065616.0,80466305.0,467590.0,79093964.0,79990395.0,467590.0,62689871.0,4882779.0,1.023945,2189902.0,11777.0,23699.0,7000.0,7846.0,50248.0,48656.0,5166.0,139103050.0,2768.330083,14180126.0,96598.0,9287220.0,1770004.0,,135838628.7,714555637.0,14685.868896,86056.0,696074.0,44582096,31.26,31.02,13928243,18811022.0,386.6125863202894,100.35307053600789,14.306025978296613,45.00785103584347,286.25951578428146,1.7686616244656364,916.2712923380467,1653.779698290036,9.610120026307136,1625.574728707662,1643.9985818809603,9.610120026307136,1288.430429957251,18425581.132075474,378.69083221135054,32353824.132075474,664.9503479956321,29.53711127051774,0.025608111059708224,2.143356762297611,69.98422827865312,6791931.435,69.98422827865312,214.3356762297611,3.358257867004451,10.33306614005621
44,13059,13059,MEYRARGUES (13),1074686.0,4215044.0,116893.0,5527921.0,4192101.0,116893.0,4444560.0,225363.0,0.93132,83641.0,483.0,1643.0,183.0,709.0,3912.0,3857.0,,4209871.0,1076.142894,684744.0,65868.0,510608.0,,,3239145.39,60038155.0,15566.024112,3940.0,86457.0,2157519,28.31,31.02,607037,832400.0,215.8154005703915,58.42960850401867,22.415607985480943,21.685506870624838,157.38579206637283,1.021519315530205,559.377495462795,1092.829660357791,30.306715063520873,1433.2177858439202,1086.8812548612912,30.306715063520873,1152.3360124449055,850426.4150943396,220.48908869441007,1457463.4150943398,377.8748807607829,11.138161898965308,0.0020299754266132567,0.8331947708178777,33.178072318637106,161957.26950000002,33.178072318637106,83.31947708178777,0.4171178644908498,0.3946605761447049
45,13060,13060,MEYREUIL (13),2863406.0,16569273.0,69161.0,10349976.0,16393394.0,69161.0,8314159.0,1475604.0,0.91,38092.0,461.0,2348.0,240.0,974.0,5800.0,5756.0,,9969799.0,1718.930862,2789529.0,18862.0,804552.0,42265.0,,7986666.44,117151467.0,20352.930334,9380.0,36025.0,12558334,28.31,31.02,3556168,5031772.0,874.178596247394,256.35927727588603,6.25868658790827,6.617790132036136,617.819318971508,1.6296038915913829,2181.7814454482277,2878.6089298123698,12.01546212647672,1798.1195274496179,2848.0531619179988,12.01546212647672,1444.4334607366227,5568316.981132075,967.3934991542868,9124484.981132075,1585.212818125795,10.221465076660987,0.003029437012078275,1.3308680599956337,35.852329898980976,399333.32200000004,35.852329898980976,133.08680599956338,0.1738051409172521,0.17973733774708694
46,13062,13062,MIMET (13),744417.0,4870298.0,35550.0,7824556.0,4870298.0,35550.0,6217572.0,111955.0,1.177017,28169.0,171.0,1782.0,71.0,762.0,4599.0,4560.0,,4808430.0,1045.53816,1362530.0,34845.0,882143.0,,,4213896.7,88904962.0,19496.702193,5195.0,30512.0,797018,28.31,31.02,224839,336794.0,73.85833333333333,24.551535087719298,6.6912280701754385,6.177412280701755,49.30679824561403,1.1392543859649122,174.78464912280702,1068.0478070175438,7.796052631578948,1715.9114035087719,1068.0478070175438,7.796052631578948,1363.5026315789473,422471.69811320753,92.64730221780867,647310.6981132075,141.9541004634227,3.984287317620651,0.0023999709477201064,0.8094993076287001,17.665762903015633,210694.83500000002,17.665762903015633,80.94993076287001,0.14720728548694506,0.13291560083476037
47,13063,13063,MIRAMAS (13),29451211.0,24427738.0,119222.0,26909423.0,24137215.0,119222.0,20783783.0,910054.0,1.351793,81123.0,8126.0,10972.0,3896.0,4874.0,26996.0,26827.0,7511.0,48096275.0,1781.60746,6231707.0,48923.0,4241103.0,,,47464631.74,300991532.0,11219.72386,15863.0,252175.0,7883376,33.19,31.02,2665097,3575151.0,133.26689529205652,33.92306258620047,9.400044731054535,3.023931114176017,99.34383270585604,0.591307265068774,293.859768144034,910.5654005293175,4.444104819771126,1003.0723897565886,899.7359003988519,4.444104819771126,774.7337756737616,3434166.0377358496,128.0115569290584,6099263.03773585,227.35538963491445,35.508567262121765,0.014119302766334933,1.3793948996908223,62.04875065991611,2373231.5870000003,62.04875065991611,137.93948996908222,1.2166359864207648,0.3827793775610872
48,13069,13069,PELISSANNE (13),2212671.0,10287129.0,68015.0,17655597.0,10103296.0,68015.0,16494085.0,154425.0,1.310255,9566.0,944.0,4601.0,226.0,1783.0,10649.0,10603.0,,11542738.0,1083.926941,1912203.0,40289.0,3050548.0,,,10500445.22,195901084.0,18476.005282,3941.0,40203.0,1234465,28.43,31.02,350888,505313.0,47.657549750070736,14.564274262001321,3.7916627369612375,0.902197491276054,33.093275488069416,0.3716872583231161,116.4260115061775,970.2092803923418,6.414693954541168,1665.151089314345,952.8714514759973,6.414693954541168,1555.6054890125436,582735.8490566037,54.95952551698612,933623.8490566037,88.05280100505553,4.911975657465768,0.005580458762867608,0.8392215050855674,21.072163642981227,525022.261,21.072163642981227,83.92215050855674,0.1939621951504868,0.045137230202893876
49,13070,13070,PENNE-SUR-HUVEAUNE (13),1471155.0,7197031.0,10064.0,10164369.0,7110072.0,10064.0,8114649.0,563424.0,1.417996,20989.0,868.0,2659.0,550.0,1044.0,6511.0,6495.0,512.0,7203900.0,1106.419905,2256937.0,2572.0,2065851.0,,,8012673.03,96420297.0,14845.311316,1460.0,3407.0,1856275,33.16,31.02,619703,1183127.0,182.15966127790608,86.7473441108545,0.5245573518090839,3.231562740569669,95.41231716705158,0.22478829869130101,285.80061585835256,1108.0879137798306,1.5494996150885296,1564.9528868360278,1094.6993071593533,1.5494996150885296,1249.3685912240185,2126128.3018867928,327.3484683428472,2745831.3018867928,422.7607855098988,20.684467845054535,0.0034183796722460726,0.8566364971739645,18.360352338001242,400633.65150000004,18.360352338001242,85.66364971739645,0.016437310620543454,0.09903672639855107
50,13071,13071,PENNES-MIRABEAU (13),6644543.0,27356313.0,145023.0,31107734.0,27356313.0,139773.0,27883845.0,2068986.0,1.36986,170522.0,1882.0,8983.0,584.0,3563.0,21400.0,21321.0,,24890803.0,1163.121636,7659580.0,39941.0,4762843.0,,,28110169.79,359566462.0,16864.427653,20893.0,504810.0,11777306,28.31,31.02,3351769,5420755.0,254.24487594390507,97.0398198958773,23.676656817222458,7.997842502696872,157.20505604802776,0.9799258946578491,552.3805637634257,1283.0689461094696,6.801885465034473,1459.0185263355377,1283.0689461094696,6.555649359786126,1307.8113127902068,7807494.339622642,366.1879996070842,11159263.339622643,523.393055655112,6.5011688745408,0.011221443108846577,0.900537345313117,23.63750574841334,1405508.4895000001,23.63750574841334,90.0537345313117,2.435491275126663,0.804609112341404
51,13072,13072,PEYNIER (13),672698.0,4879770.0,61448.0,6406425.0,4809367.0,61448.0,5423378.0,167129.0,1.113456,17295.0,206.0,1579.0,43.0,653.0,3693.0,3612.0,,3979151.0,1077.484701,914608.0,24513.0,920267.0,,,3800066.25,72055362.0,19948.88206,5978.0,1801.0,1538878,28.31,31.02,437856,604985.0,167.49307862679956,46.270487264673314,0.4986157253599114,4.788205980066445,121.22259136212625,1.6550387596899225,426.04595791805093,1350.9883720930231,17.01218161683278,1773.6503322259136,1331.4969545957917,17.01218161683278,1501.4889258028793,630675.4716981133,174.60561231952195,1068531.4716981133,295.8282036816482,2.7232425585813806,0.001901029619115137,0.8342336538343249,17.70227032226083,190003.3125,17.70227032226083,83.4233653834325,0.008689050903316337,0.08160656453680218
52,13073,13073,PEYPIN (13),235587.0,5410852.0,22215.0,8712211.0,5410852.0,22215.0,8159655.0,135197.0,1.381663,36456.0,369.0,2400.0,48.0,878.0,5605.0,5570.0,,4953470.0,883.759144,1104081.0,21052.0,1994635.0,,,5654655.74,98862651.0,17749.129443,3445.0,,1511150,33.16,31.02,502108,637305.0,114.41741472172352,24.272351885098743,,6.545062836624775,90.14506283662477,0.618491921005386,271.3016157989228,971.4276481149012,3.988330341113106,1564.131238779174,971.4276481149012,3.988330341113106,1464.9290843806104,510177.3584905661,91.59378069848583,1012285.358490566,181.7388435351106,2.0,0.0029315434602633756,0.684243237165569,4.166248324075694,282732.787,4.166248324075694,68.4243237165569,,0.17201786162206767
53,13074,13074,PEYROLLES-EN-PROVENCE (13),1107447.0,5651837.0,73597.0,7288338.0,5651837.0,73597.0,6105559.0,173029.0,1.038831,29072.0,661.0,2167.0,126.0,980.0,5236.0,5194.0,,5272220.0,1006.917494,911925.0,33147.0,991552.0,,,4959318.29,74209046.0,14287.455911,1967.0,19195.0,2395351,28.31,31.02,678481,851510.0,163.94108586830959,33.313246053138236,3.695610319599538,5.597227570273392,130.62783981517134,0.37870619946091644,461.1765498652291,1088.147285329226,14.169618790912592,1403.2225644974972,1088.147285329226,14.169618790912592,1175.5023103581054,652939.6226415094,125.7103624646726,1331420.6226415094,256.3382022798439,5.814490078449469,0.0027336511189601388,0.7795975751207644,22.330629639824952,247965.9145,22.330629639824952,77.95975751207645,0.09260762470247479,0.13717641192332541
54,13075,13075,PLAN-DE-CUQUES (13),346254.0,13330185.0,27180.0,21855662.0,13327957.0,27180.0,17628310.0,209770.0,0.893737,33331.0,1051.0,5108.0,531.0,1649.0,11174.0,11044.0,,12320873.0,1102.637641,1475215.0,8534.0,2880020.0,,,8218806.88,204282242.0,18497.124411,3594.0,3034.0,1535848,32.07,31.02,484273,694043.0,62.84344440420138,18.99402390438247,0.27471930459978267,3.0180188337558858,43.849420499818905,0.32542557044549075,139.0662803332126,1207.0069721115538,2.46106483158276,1978.9625135820354,1206.8052336110104,2.46106483158276,1596.1888808402753,791584.9056603773,71.67556190333008,1275857.9056603773,115.52498240314898,10.395458104933438,0.005812561216364223,0.8537081104288371,4.21294726905665,410940.34400000004,4.21294726905665,85.37081104288372,0.014637745941511253,0.1572725297817955
55,13077,13077,PORT-DE-BOUC (13),10878779.0,15103634.0,74083.0,20453233.0,14787936.0,74083.0,16131509.0,768896.0,1.480463,130267.0,5140.0,7482.0,2735.0,2902.0,16679.0,16638.0,6497.0,25246327.0,1513.659512,5144706.0,24567.0,3399168.0,,,27681168.48,197177767.0,11851.049826,12883.0,133597.0,3481864,31.26,31.02,1092073,1860969.0,111.85052289938695,46.213246784469284,8.029630965260248,7.829486717153504,65.63727611491765,0.7743118163240774,209.27178747445606,907.7794206034379,4.452638538285852,1229.3083904315422,888.8049044356293,4.452638538285852,969.5581800697199,2901494.3396226414,174.38961050743126,3993567.3396226414,240.02688662234894,36.554397219994655,0.008756736102668231,1.1719384082065412,39.30028823696535,1384058.424,39.30028823696535,117.19384082065412,0.6445481030151875,0.6146656457077542
56,13078,13078,PORT-SAINT-LOUIS-DU-RHONE (13),5876621.0,14071240.0,268777.0,10699830.0,13924887.0,268777.0,9269727.0,469642.0,1.747329,211010.0,2271.0,4310.0,1923.0,1434.0,8810.0,8533.0,,14607911.0,1658.105675,5346307.0,223325.0,1833497.0,,,16341535.81,109163197.0,12793.061877,22623.0,57770.0,8219108,33.19,31.02,2748265,3217907.0,377.1132075471698,55.038321809445684,6.770186335403727,24.728700339857024,322.0748857377241,2.651236376420954,963.2143443103246,1649.0378530411344,31.498535099027304,1253.9353099730458,1631.8864408765967,31.498535099027304,1086.3385679128091,1772233.962264151,207.69178041300256,4520498.962264151,529.7666661507268,44.617169373549885,0.004490998266863085,1.2837746600159659,35.961252775298355,817076.7905000001,35.961252775298355,128.3774660015966,0.27871541959166285,0.9956519909170644
57,13079,13079,PUYLOUBIER (13),412793.0,1962193.0,126919.0,2930777.0,1947790.0,126919.0,2771066.0,44862.0,1.057043,29146.0,162.0,749.0,13.0,310.0,1942.0,1895.0,,2043294.0,1052.159629,265636.0,56356.0,317024.0,,,1831144.3,33090044.0,17461.764644,1145.0,,397849,28.31,31.02,112183,157045.0,82.87335092348285,23.67387862796834,,15.38047493403694,59.19947229551451,0.604221635883905,209.9467018469657,1035.4580474934037,66.97572559366755,1546.5841688654355,1027.8575197889181,66.97572559366755,1462.3039577836412,169290.56603773584,89.33539104893713,281473.56603773584,148.53486334445162,1.7356475300400533,0.0009973563477915794,0.8146259254567714,22.542898448800567,91557.21500000001,22.542898448800567,81.46259254567714,,0.13752558138130305
58,13080,13080,PUY-SAINTE-REPARADE (13),1197644.0,6250375.0,201122.0,8257836.0,6199255.0,201122.0,6152314.0,216360.0,0.956416,44721.0,619.0,2267.0,311.0,986.0,5876.0,5811.0,,6054035.0,1030.298673,1059509.0,111242.0,804159.0,,,4872516.83,94524497.0,16266.476854,4252.0,1389.0,1964027,28.31,31.02,556997,773357.0,133.08501118568233,37.23283427981414,0.23902942694889004,7.695921528136293,95.85217690586818,0.7317157115814834,337.98434004474274,1075.610910342454,34.61056616761315,1421.069695405266,1066.8138014111169,34.61056616761315,1058.7358458096712,816452.8301886793,140.5012614332609,1373449.8301886793,236.35343833912913,13.718570798411998,0.003058384030088057,0.7977002603561294,24.5795764650032,243625.8415,24.5795764650032,79.77002603561294,0.0067013279870662915,0.21101631527321946
59,13081,13081,ROGNAC (13),8955623.0,19796789.0,69097.0,20401980.0,19752928.0,69097.0,16887933.0,1102887.0,1.250617,195213.0,1641.0,5231.0,535.0,2168.0,12345.0,12330.0,,20404796.0,1652.879384,5062886.0,14262.0,1813125.0,,,19275262.83,195622838.0,15865.599189,11860.0,113640.0,8543141,28.43,31.02,2425490,3528377.0,286.1619626926196,89.44744525547445,9.21654501216545,15.832360097323601,196.71451743714516,0.9618815896188159,692.8743714517437,1605.5789943227899,5.60397404703974,1654.661800486618,1602.0217356042174,5.60397404703974,1369.6620437956205,4161837.7358490564,337.5375292659413,6587327.735849056,534.2520467030865,10.227489963678073,0.006489395128374762,1.2797282472614413,46.461742591968594,963763.1414999999,46.461742591968594,127.97282472614413,0.5482641558316872,0.921113748651215
60,13082,13082,ROGNES (13),642338.0,5820876.0,104897.0,9650050.0,5782551.0,104897.0,9096655.0,55025.0,1.078252,21136.0,348.0,2120.0,53.0,777.0,4989.0,4862.0,,5315871.0,1065.51834,1139770.0,57459.0,1124987.0,,,4590262.93,98528700.0,20265.055533,4044.0,,795749,28.31,31.02,215045,270070.0,55.54709995886466,11.317359111476758,,4.3471822295351705,44.22974084738791,0.8317564788153023,163.6670094611271,1197.2184286301933,21.574866310160427,1984.7902097902097,1189.3358700123406,21.574866310160427,1870.969765528589,207641.50943396226,42.70701551500664,422686.5094339623,86.93675636239455,2.5,0.0025589163920647275,0.8249687974044696,13.993490346750137,229513.1465,13.993490346750137,82.49687974044696,,0.09973034680831748
61,13084,13084,ROQUE-D'ANTHERON (13),1387151.0,5633402.0,116179.0,6692503.0,5633402.0,116179.0,5457723.0,172789.0,1.163944,36035.0,1137.0,2112.0,326.0,1075.0,5811.0,5563.0,,6035289.0,1038.597315,1260676.0,58932.0,900078.0,,,6063819.98,66701560.0,11990.213913,2009.0,35226.0,1892232,28.31,31.02,539107,711896.0,127.96980046737372,31.06039906525256,6.332194858889089,6.477619989214452,96.90940140212116,0.361136077655941,340.14596440769367,1012.6554017616394,20.88423512493259,1203.038468452274,1012.6554017616394,20.88423512493259,981.0754988315657,652033.962264151,117.20905307642475,1191140.9622641508,214.1184544785459,15.43560606060606,0.0029278592943348582,0.8041254155635285,22.875860506663653,303190.999,22.875860506663653,80.41254155635285,0.16995030933937882,0.1700313705165462
62,13085,13085,ROQUEFORT-LA-BEDOULE (13),279899.0,6620664.0,48891.0,9396634.0,6404687.0,48891.0,8779663.0,394953.0,1.261459,63370.0,603.0,2434.0,293.0,924.0,5812.0,5759.0,,5549200.0,954.783207,1093612.0,15386.0,1454862.0,,,4828502.93,101661457.0,17652.623198,5798.0,,1784284,32.07,31.02,566068,961021.0,166.8728945997569,68.58013544018058,,11.003646466400417,98.29275915957632,1.0067720090293453,309.82531689529435,1149.6204202118424,8.489494703941656,1631.6433408577877,1112.1179024136134,8.489494703941656,1524.5117207848584,1490388.679245283,258.79296392520973,2056456.679245283,357.0857230847861,12.037797863599014,0.003031015940333354,0.739233032873721,5.79680708612514,241425.1465,5.79680708612514,73.9233032873721,,0.29901173718977475
63,13086,13086,ROQUEVAIRE (13),234027.0,8592947.0,68772.0,14338336.0,8592947.0,68772.0,12889022.0,230181.0,1.48686,32594.0,975.0,4133.0,320.0,1476.0,9306.0,9145.0,,8389830.0,901.550613,2575777.0,65802.0,3004659.0,,,9655082.92,171086123.0,18708.159978,5615.0,74367.0,1564244,33.16,31.02,521495,751676.0,82.19529797703663,25.170147621651175,8.131984691088027,3.564133406232914,57.025150355385456,0.6139967195188628,171.04909786768727,939.6333515582286,7.5201749589939855,1567.888026243849,939.6333515582286,7.5201749589939855,1409.4064516129033,868607.5471698113,94.98168913830632,1390102.5471698113,152.00683949369179,7.7425598838616025,0.004813099630899205,0.698018135479369,2.423873538312398,482754.146,2.423873538312398,69.8018135479369,0.3587888109533182,0.15379499072058572
64,13087,13087,ROUSSET (13),8153617.0,20493687.0,112804.0,7558294.0,20324653.0,76857.0,5937193.0,2346345.0,0.967105,153893.0,616.0,2163.0,358.0,877.0,5174.0,4971.0,,14987587.0,2896.711828,4087508.0,24341.0,484227.0,395529.0,,14960220.39,84565923.0,17011.853349,7675.0,48987.0,15202745,28.31,31.02,4301968,6648313.0,1337.4196338764837,472.00663850331927,9.854556427278213,30.95815731241199,865.4129953731643,1.543954938644136,3058.2870649768656,4122.648762824381,22.692416012874673,1520.4775699054517,4088.6447394890365,15.461074230537115,1194.365922349628,8854132.0754717,1781.15712642762,13156100.0754717,2646.5701218007844,16.551086453999076,0.002616284118665932,2.2427552708031873,54.501984512542336,748011.0195,54.501984512542336,224.27552708031874,0.23634121965616736,0.7261450729264005
65,13088,13088,ROVE (13),317427.0,5883280.0,25363.0,9223358.0,5883280.0,25363.0,7436798.0,169735.0,1.236162,32423.0,578.0,2456.0,252.0,794.0,5333.0,5172.0,,5100258.0,956.358147,1435910.0,8461.0,1073903.0,,,4592836.0,87736789.0,16963.802978,4923.0,14857.0,999497,32.07,31.02,315815,485550.0,93.88051044083527,32.81805877803558,2.872583139984532,6.268948182521268,61.06245166279969,0.9518561484918794,193.2515467904099,1137.5251353441608,4.903905645784996,1783.3252126836815,1137.5251353441608,4.903905645784996,1437.8959783449343,640509.4339622641,123.8417312378701,956324.4339622641,184.90418290066978,10.260586319218241,0.002722072311756226,0.7404524171949559,6.911350633900275,229641.80000000002,6.911350633900275,74.04524171949559,0.07167863923962844,0.15298812616228605
66,13090,13090,SAINT-ANTONIN-SUR-BAYON (13),289737.0,267124.0,9593.0,470211.0,264612.0,9593.0,454396.0,10232.0,0.823386,11640.0,4.0,74.0,,9.0,151.0,128.0,,474976.0,3145.536424,23763.0,3193.0,41623.0,8385.0,,402557.17,3321831.0,25951.804688,116.0,,20887,28.31,31.02,5914,16146.0,126.140625,79.9375,,90.9375,46.203125,0.90625,163.1796875,2086.90625,74.9453125,3673.5234375,2067.28125,74.9453125,3549.96875,38611.32075471698,301.6509433962264,44525.32075471698,347.8540683962264,,6.736760555003807e-05,2.435405664532471,71.97412481809728,20127.858500000002,71.97412481809728,243.5405664532471,,0.0549234120386457
67,13091,13091,SAINT-CANNAT (13),760640.0,6566460.0,117993.0,9640215.0,6426494.0,117993.0,7979440.0,337372.0,1.125567,26483.0,488.0,2518.0,184.0,909.0,5850.0,5749.0,,5904252.0,1009.273846,1409290.0,51040.0,1235239.0,,,5313032.95,110286143.0,19183.53505,5640.0,7445.0,1541618,28.31,31.02,431948,769320.0,133.81805531396765,58.68359714732997,1.295007827448252,4.606540267872673,75.13445816663767,0.9810401809010263,268.1541137589146,1142.1916855105235,20.52409114628631,1676.850756653331,1117.8455383544965,20.52409114628631,1387.9700817533485,1273101.8867924528,221.44753640501875,1705049.8867924528,296.5819945716564,7.307386814932486,0.003025752846149757,0.7814219612460203,14.316493181168772,265651.6475,14.316493181168772,78.14219612460202,0.03591892502786792,0.12496019940029673
68,13092,13092,SAINT-CHAMAS (13),2862904.0,8037427.0,62318.0,11914980.0,8028249.0,62318.0,11218485.0,275046.0,1.551196,78721.0,1169.0,3903.0,423.0,1474.0,8771.0,8699.0,,9917782.0,1130.747007,2374626.0,55030.0,2211511.0,,,10986442.65,131246643.0,15087.555236,6121.0,26629.0,2111172,28.43,31.02,597079,872125.0,100.25577652603748,31.618117024945395,3.0611564547649155,9.049430969076905,68.63765950109207,0.7036440970226463,242.69134383262443,923.9483848718244,7.163811932406023,1369.6953672835957,922.8933210713875,7.163811932406023,1289.6292677319232,1037909.4339622641,119.31364915073735,1634988.433962264,187.9513086518294,10.837817063797079,0.004578365630310791,0.8754715554999206,26.058516766571387,549322.1325000001,26.058516766571387,87.54715554999206,0.12847347945830692,0.3714455256953804
69,13093,13093,SAINT-ESTEVE-JANSON (13),416251.0,809535.0,15696.0,563964.0,809535.0,15696.0,426311.0,13244.0,0.761731,123117.0,44.0,156.0,,78.0,397.0,389.0,,805622.0,2029.274559,116029.0,4970.0,31091.0,19040.0,,730484.13,6538476.0,16808.421594,104.0,,578096,28.31,31.02,163622,176866.0,454.66838046272494,34.04627249357326,,316.4961439588689,420.62210796915167,0.26735218508997427,1486.1079691516709,2081.0668380462726,40.34961439588689,1449.7789203084833,2081.0668380462726,40.34961439588689,1095.9151670951157,49977.35849056604,128.47649997574817,213599.35849056602,549.0986079448998,,0.0002047343637419126,1.5711491109028823,56.98289434433025,36524.2065,56.98289434433025,157.11491109028825,,0.5809283264572115
70,13095,13095,SAINT-MARC-JAUMEGARDE (13),592130.0,2892763.0,21725.0,4139539.0,2840665.0,21725.0,3051961.0,37479.0,0.878011,18996.0,32.0,498.0,,211.0,1344.0,1293.0,,2303300.0,1713.764881,540340.0,10085.0,192706.0,19308.0,,1852589.42,44759716.0,34616.949729,3499.0,,655264,28.31,31.02,185586,223065.0,172.51740139211137,28.986078886310906,,14.691415313225058,143.53132250580046,2.7061098221191027,506.77803557617943,2237.2490332559937,16.802010827532868,3201.4996133023974,2196.956689868523,16.802010827532868,2360.372003093581,141430.1886792453,109.3814297596638,327016.1886792453,252.91275226546426,,0.0006805180779390565,1.3268683417617981,31.962289841858215,92629.471,31.962289841858215,132.68683417617981,,0.08963274356409912
71,13098,13098,SAINT-MITRE-LES-REMPARTS (13),1920499.0,6684568.0,35515.0,10109351.0,6684568.0,35515.0,7866832.0,212274.0,1.17971,31797.0,569.0,2787.0,145.0,825.0,6000.0,5947.0,,7593907.0,1265.651167,1909774.0,18981.0,982054.0,,,6938565.01,112031493.0,18838.320666,4558.0,141777.0,1337870,31.26,31.02,413647,625921.0,105.24987388599294,35.69429964688078,23.840087439044897,5.346729443416849,69.55557423911216,0.7664368589204641,224.96552883806962,1124.0235412813183,5.971918614427443,1699.9076845468303,1124.0235412813183,5.971918614427443,1322.823608542122,801033.962264151,134.69547036558785,1214680.9622641508,204.25104460469998,5.202726946537496,0.003129962110984972,0.9799199900900377,27.67861938646014,346928.2505,27.67861938646014,97.99199900900378,0.684013087129084,0.15003434128804272
72,13099,13099,SAINT-PAUL-LES-DURANCE (13),1491128.0,2305400.0,15316.0,1236936.0,2303307.0,15316.0,1017694.0,811524.0,0.70965,94489.0,173.0,517.0,21.0,157.0,1138.0,888.0,,2493404.0,2191.040422,245456.0,3156.0,50854.0,43917.0,,2281687.7,12245140.0,13789.572072,1708.0,,1974001,28.31,31.02,555451,1366975.0,1539.3862612612613,913.8783783783783,,106.40653153153153,625.5078828828829,1.9234234234234233,2222.974099099099,2596.171171171171,17.24774774774775,1392.945945945946,2593.814189189189,17.24774774774775,1146.0518018018017,3062354.716981132,3448.597654258032,3617805.716981132,4074.1055371409143,4.061895551257253,0.0004673627635033892,1.696394997764113,65.35197608331762,114084.38500000001,65.35197608331762,169.6394997764113,,0.44584693128175196
73,13101,13101,SAINT-SAVOURNIN (13),-50231.0,2873025.0,13442.0,5103386.0,2824769.0,13442.0,4691145.0,44197.0,1.25964,5799.0,201.0,1458.0,10.0,641.0,3436.0,3417.0,,2756604.0,802.271246,562072.0,8811.0,980779.0,,,2609546.37,59895844.0,17528.780802,2081.0,19752.0,299109,33.16,31.02,99813,144010.0,42.14515657009072,12.934445419959028,5.780509218612818,1.697102721685689,29.210711150131694,0.6090137547556336,87.53555750658472,840.8033362598771,3.9338601112086624,1493.528241147205,826.6810067310506,3.9338601112086624,1372.8841088674276,166781.1320754717,48.80922799984539,266594.1320754717,78.01993914997708,0.6858710562414266,0.0017983992825350008,0.6211519034058159,-1.9248939423904547,130477.31850000001,-1.9248939423904547,62.11519034058159,0.0952949102955604,0.02736261738935622
74,13102,13102,SAINT-VICTORET (13),898689.0,7257949.0,30267.0,8192667.0,7234303.0,30267.0,7654131.0,662758.0,1.426489,65501.0,886.0,2668.0,147.0,1106.0,6705.0,6684.0,,6540593.0,975.47994,1894118.0,14265.0,1211619.0,,,6464380.01,91017880.0,13617.27708,4362.0,102584.0,2500829,32.07,31.02,809988,1472746.0,220.3390185517654,99.155894673848,15.347695990424896,9.799670855774986,121.18312387791741,0.6526032315978456,374.15155595451824,1085.8690903650509,4.528276481149012,1225.7131956912028,1082.3313883901856,4.528276481149012,1145.1422800718133,2500973.5849056602,374.173187448483,3310961.5849056602,495.3563113264004,5.509745127436282,0.003517852152316051,0.7552573079070456,13.902168477252005,323219.0005,13.902168477252005,75.52573079070456,0.49492370786552087,0.3090668738782931
75,13103,13103,SALON-DE-PROVENCE (13),19340669.0,49454267.0,342830.0,63434837.0,48899984.0,342830.0,49138870.0,2588913.0,1.666065,220320.0,11143.0,20704.0,4338.0,7857.0,46439.0,46110.0,5298.0,61355548.0,1321.207347,15055988.0,161557.0,13465249.0,,,69206326.25,652039216.0,14140.950249,21313.0,873206.0,16575712,28.43,31.02,4695958,7284871.0,157.98896117978745,56.14645413142485,18.937453914552158,4.778139232270657,101.8425070483626,0.4622207764042507,359.4819345044459,1072.528019952288,7.435046627629581,1375.7284103231402,1060.5071351116894,7.435046627629581,1065.687920190848,9769483.018867925,211.87341181669757,14465441.018867925,313.7159188650602,20.952472952086552,0.0242681272805645,1.0229339048040598,27.946388788409354,3460316.3125,27.946388788409354,102.29339048040598,4.212843633026788,1.039581283535603
76,13104,13104,SAUSSET-LES-PINS (13),-134449.0,10223799.0,37004.0,17416254.0,10223799.0,37004.0,15590932.0,129407.0,1.412316,22745.0,527.0,5000.0,226.0,1013.0,9017.0,7712.0,,8382103.0,929.588888,2823518.0,14822.0,2356599.0,,,9251319.03,172380754.0,22352.276193,7021.0,30393.0,1038564,32.07,31.02,327232,456639.0,59.21148858921162,16.779953319502074,3.941001037344398,2.94929979253112,42.43153526970954,0.910399377593361,134.6685684647303,1325.7000778008298,4.798236514522822,2258.331690871369,1325.7000778008298,4.798236514522822,2021.6457468879669,488328.30188679247,63.32057856415877,815560.3018867925,105.75211383386832,4.52,0.004058898234389794,0.7197265389293235,-1.4532954659115243,462565.95149999997,-1.4532954659115243,71.97265389293234,0.1466331616349214,0.10732242326623681
77,13105,13105,SENAS (13),2718792.0,7223598.0,372818.0,9785478.0,7202523.0,372818.0,9095346.0,238488.0,1.217676,13915.0,1350.0,2954.0,342.0,1257.0,7098.0,7052.0,,8504881.0,1198.208087,1366617.0,155621.0,1339261.0,,,9277070.42,94400761.0,13386.38131,3233.0,53565.0,3493734,28.43,31.02,997353,1235841.0,175.24688031764038,33.8184912081679,7.595717526942711,1.9731990924560407,141.42838910947248,0.45845150311968236,495.42456040839477,1024.3332387975042,52.866988088485535,1387.6174134997163,1021.3447249007373,52.866988088485535,1289.754112308565,899954.7169811322,127.61694795535057,1897307.716981132,269.04533706482306,11.577522004062288,0.0037115340182724103,0.9277027409708405,29.30657930696186,463853.521,29.30657930696186,92.77027409708406,0.2584281019634312,0.06565801361836382
78,13106,13106,SEPTEMES-LES-VALLONS (13),1468207.0,10818897.0,28586.0,14758067.0,10818897.0,28586.0,12372179.0,251165.0,1.418138,189325.0,2254.0,4680.0,691.0,1934.0,11118.0,11094.0,1412.0,10915045.0,981.745368,3262170.0,15471.0,2119344.0,,,13664255.04,153020393.0,13793.076708,4979.0,38151.0,2950693,32.07,31.02,954328,1205493.0,108.66170903190914,22.639715161348477,3.4388858842617633,17.065530917613124,86.02199387056066,0.4488011537768163,265.97196682891655,975.2025419145484,2.5767081305210024,1330.274652965567,975.2025419145484,2.5767081305210024,1115.2135388498286,947792.4528301887,85.432887401315,1902120.4528301887,171.45488127187568,14.764957264957266,0.005838876687282207,0.7601082639237992,10.744874094504606,683212.752,10.744874094504606,76.01082639237991,0.18406217713071715,0.8933311842110478
79,13107,13107,SIMIANE-COLLONGUE (13),1140391.0,5493990.0,48225.0,9496032.0,5406869.0,48225.0,7424989.0,96530.0,1.173925,29663.0,407.0,2332.0,159.0,956.0,5708.0,5687.0,,5998976.0,1050.976875,1217264.0,16710.0,1449720.0,,,5648010.69,111835256.0,19665.070512,6534.0,,778043,28.31,31.02,217259,313789.0,55.17654299279057,16.97379989449622,,5.215931070863372,38.202743098294356,1.148936170212766,136.81079655354316,966.0611921927202,8.479866361877967,1669.778793740109,950.7418674169157,8.479866361877967,1305.6073500967118,364264.1509433962,64.05207507357065,581523.1509433961,102.25481817186498,6.8181818181818175,0.0029931216622114576,0.8137101879153554,20.191020566216384,282400.5345,20.191020566216384,81.37101879153555,,0.13996504908095767
80,13109,13109,THOLONET (13),537501.0,5434440.0,29154.0,7159887.0,5429814.0,29154.0,5813856.0,483496.0,0.976365,17281.0,110.0,1071.0,38.0,389.0,2429.0,2362.0,,3643331.0,1499.930424,1028422.0,9411.0,578456.0,,,2746367.56,87934791.0,37228.954699,3445.0,29229.0,2008328,28.31,31.02,568569,1052065.0,445.41278577476714,204.69771380186282,12.374682472480949,7.316257408975445,240.71507197290433,1.4585097375105842,850.2658763759525,2300.77900084674,12.342929720575784,3031.2815410668923,2298.8204911092294,12.342929720575784,2461.4123624047415,1824513.2075471699,772.4442030258974,2393082.20754717,1013.159274998802,3.5480859010270773,0.0012431428461655465,1.1613087749176199,19.571342446238333,137318.378,19.571342446238333,116.13087749176199,0.14101736193949652,0.08154050545015776
81,13110,13110,TRETS (13),1376451.0,10760809.0,225130.0,16586942.0,10760809.0,150322.0,15576666.0,345555.0,1.336534,17082.0,1250.0,4741.0,304.0,1958.0,10942.0,10775.0,,10764995.0,983.823341,2794719.0,94992.0,2850870.0,,,11752603.82,185819546.0,17245.433503,10952.0,108416.0,2307478,28.31,31.02,653431,998986.0,92.71331786542923,32.07006960556845,10.061809744779582,1.5853364269141532,60.64324825986079,1.0164269141531324,214.15109048723897,998.682969837587,20.893735498839906,1539.3913689095127,998.682969837587,13.950997679814385,1445.6302552204177,1303981.1320754718,121.01913058705077,1957412.1320754718,181.66237884691154,6.41214933558321,0.005670983982825471,0.7617171174014868,11.711881222930561,587630.191,11.711881222930561,76.17171174014868,0.5230606011848662,0.08060152271856923
82,13111,13111,VAUVENARGUES (13),282624.0,1336356.0,8612.0,2157322.0,1317195.0,8612.0,1787308.0,27030.0,1.058279,9666.0,36.0,464.0,,150.0,1103.0,1033.0,,1272116.0,1153.323663,248992.0,6068.0,263092.0,,,1079553.77,21360361.0,20677.987415,457.0,,227853,28.31,31.02,63714,90744.0,87.84511132623427,26.16650532429816,,9.357212003872217,61.67860600193611,0.44240077444336884,220.57405614714423,1293.6650532429817,8.336882865440465,2088.404646660213,1275.1161665053244,8.336882865440465,1730.2110358180057,102000.0,98.74152952565343,165714.0,160.42013552758954,,0.0005436776291655417,0.8929513454298943,26.179705713037343,53977.688500000004,26.179705713037343,89.29513454298943,,0.04560908082178259
83,13112,13112,VELAUX (13),3108425.0,9232449.0,40520.0,13980612.0,9146861.0,40520.0,13012245.0,437344.0,1.365781,38349.0,594.0,3728.0,258.0,1665.0,8909.0,8842.0,,10829740.0,1215.595465,2150512.0,17967.0,2474860.0,,,10074750.65,170816908.0,19318.808867,4210.0,8235.0,2482885,28.43,31.02,697868,1135212.0,128.3885998642841,49.46211264419814,0.9313503732187288,4.337140918344266,78.92648722008596,0.47613662067405566,280.80581316444244,1044.1584483148608,4.582673603257182,1581.1594661841211,1034.4787378421172,4.582673603257182,1471.640465957928,1650354.716981132,186.6494816762194,2348222.716981132,265.57596889630537,6.920600858369099,0.004653627877136224,0.9411647751566407,30.853617205900775,503737.53250000003,30.853617205900775,94.11647751566406,0.039730335474075534,0.1809499938376309
84,13113,13113,VENELLES (13),1789732.0,11184669.0,52876.0,15747742.0,11183756.0,52876.0,14839561.0,673974.0,1.362749,25833.0,519.0,3870.0,198.0,1367.0,8637.0,8568.0,,9859399.0,1141.530508,2972124.0,18479.0,2719134.0,,,9845910.04,182474132.0,21297.1676,5793.0,174814.0,3485324,28.31,31.02,988472,1662446.0,194.02964519140988,78.66176470588235,20.4031279178338,3.0150560224089635,115.36788048552755,0.6761204481792717,406.78384687208217,1305.4002100840337,6.171335200746966,1837.9717553688142,1305.2936507936508,6.171335200746966,1731.9749066293184,2543298.113207547,296.8368479467258,3531770.113207547,412.2047284322534,5.116279069767442,0.004509419096505674,0.8838205923187331,18.177415726215596,492295.502,18.177415726215596,88.38205923187331,0.8434024123333381,0.12189317037752012
85,13114,13114,VENTABREN (13),567658.0,8030134.0,66913.0,14425650.0,7994635.0,66913.0,13392424.0,107967.0,1.127585,21742.0,144.0,2375.0,,970.0,5718.0,5604.0,,6682527.0,1168.682581,1652290.0,31960.0,1969411.0,,,6184124.15,147895466.0,26391.05389,7690.0,46675.0,1432458,28.31,31.02,404942,512909.0,91.52551748750892,19.266059957173447,8.328872234118487,3.8797287651677372,72.25945753033548,1.3722341184867952,255.6134903640257,1432.9289793004996,11.940221270521056,2574.1702355460384,1426.594396859386,11.940221270521056,2389.7972876516774,407422.641509434,72.70211304593754,812364.641509434,144.961570576273,,0.002949437980487605,0.9048428611703874,9.179278847433876,309206.2075,9.179278847433876,90.48428611703874,0.22518681338827873,0.10258976155878305
86,13115,13115,VERNEGUES (13),516668.0,1809989.0,66267.0,3216199.0,1729606.0,66267.0,2931857.0,21205.0,0.88965,14500.0,102.0,785.0,10.0,384.0,1908.0,1882.0,,2095699.0,1098.374738,170983.0,35087.0,238433.0,,,1588335.93,28844541.0,15326.536132,5285.0,,191084,28.43,31.02,54588,75793.0,40.27258235919235,11.267268862911797,,7.704569606801275,29.005313496280554,2.808182784272051,101.53241232731138,961.7369819341127,35.21094580233794,1708.9261424017004,919.0255047821466,35.21094580233794,1557.8411264612114,80018.8679245283,42.51799570910112,134606.8679245283,71.52330920538168,1.2738853503184715,0.0009905143253529035,0.8504075928972835,32.528887009437604,79416.7965,32.528887009437604,85.04075928972836,,0.06841833973886276
87,13117,13117,VITROLLES (13),28095871.0,66905867.0,173431.0,49860730.0,66817102.0,173431.0,37496273.0,7910561.0,1.527665,235013.0,8856.0,14369.0,4285.0,6390.0,33746.0,33650.0,7763.0,60969701.0,1806.723789,25440174.0,154771.0,3798945.0,,,70108165.42,468907682.0,13934.849391,33896.0,1100943.0,39463712,28.31,31.02,11124804,19035365.0,565.6869242199108,235.08353640416047,32.71747399702823,6.984041604754829,330.60338781575035,1.0073105497771173,1172.770044576523,1988.2872808320951,5.153967310549777,1481.7453194650818,1985.6493907875185,5.153967310549777,1114.3023179791976,29851173.58490566,887.1076845440017,40975977.58490566,1217.7110723597523,29.8211427378384,0.01771031192780298,1.3988410105201723,40.07503381622505,3505408.271,40.07503381622505,139.88410105201723,5.311576773264741,1.1089102949689211
88,13118,13118,COUDOUX (13),509784.0,3474995.0,19676.0,6096648.0,3474889.0,19676.0,5279033.0,38075.0,1.2995,8500.0,154.0,1516.0,66.0,772.0,3841.0,3816.0,,3621024.0,942.729498,859598.0,17772.0,1126273.0,,,3793280.98,70221098.0,18401.755241,1332.0,,949125,28.31,31.02,269132,307207.0,80.50497903563941,9.97772536687631,,2.2274633123689727,70.52725366876311,0.3490566037735849,248.72248427672955,910.6381027253668,5.156184486373165,1597.6540880503144,910.6103249475891,5.156184486373165,1383.394392033543,143679.24528301888,37.651793837269096,412811.2452830189,108.1790475060322,4.353562005277045,0.00200839674046051,0.7299005479744058,13.439130997356278,189664.049,13.439130997356278,72.99005479744058,,0.04010730260554024
89,13119,13119,CARNOUX-EN-PROVENCE (13),81121.0,6992952.0,7979.0,10727611.0,6974388.0,7979.0,10080453.0,174424.0,1.31679,10829.0,779.0,2898.0,422.0,1026.0,6871.0,6683.0,,6384155.0,929.144957,1099382.0,6945.0,1936874.0,,,6173315.9,120647369.0,18052.875804,1555.0,75897.0,1273405,32.07,31.02,405095,579519.0,86.71539727667215,26.0996558431842,11.356726021247942,1.6203800688313632,60.615741433487955,0.2326799341613048,190.5439174023642,1046.379171030974,1.1939248840341163,1605.2088882238515,1043.601376627263,1.1939248840341163,1508.3724375280563,658203.7735849057,98.48926733277055,1063298.7735849055,159.1050087662585,14.561766735679779,0.0035173258428976913,0.7193828290095106,1.3140587864619075,308665.79500000004,1.3140587864619075,71.93828290095105,0.36617040333647977,0.05109670351945827
90,83120,83120,SAINT-ZACHARIE (83),28395.0,5921196.0,46763.0,10163400.0,5920661.0,46763.0,9580743.0,67175.0,1.526483,10771.0,675.0,2590.0,131.0,1010.0,5774.0,5682.0,,5065108.0,877.226879,1977293.0,70820.0,2012140.0,,,5697503.79,93948731.0,16534.447554,6428.0,34028.0,558601,33.16,31.02,185305,252480.0,44.4350580781415,11.82242168250616,5.988736360436466,1.8956353396691306,32.61263639563534,1.131291798662443,98.31063005983809,1042.0971488912355,8.230024639211544,1788.70116156283,1042.002991904259,8.230024639211544,1686.1568109820487,253490.56603773584,44.612912009457204,438795.56603773584,77.22554840509254,5.057915057915058,0.002990490115119659,0.6791856847996687,0.49837614939085456,284875.18950000004,0.49837614939085456,67.91856847996686,0.16417047425766146,0.05082303016050282
91,84089,84089,PERTUIS (84),4026708.0,24546761.0,449021.0,30273633.0,24438496.0,449021.0,28617578.0,1106712.0,1.506185,130948.0,3867.0,9409.0,936.0,3362.0,20866.0,20730.0,1676.0,22249889.0,1066.322678,7299029.0,315214.0,6185688.0,,,25896516.74,305614607.0,14742.624554,11879.0,593429.0,7690879,28.31,31.02,2175032,3281744.0,158.3089242643512,53.38697539797395,28.626579835986494,6.316835504100338,104.92194886637724,0.5730342498794019,371.0023637240714,1184.1177520501687,21.66044380125422,1460.3778581765557,1178.895127834057,21.66044380125422,1380.4909792571152,4176271.6981132077,201.46028452065644,6351303.698113208,306.38223338703364,9.94792220214688,0.010910394242596011,0.8255915494751347,15.54922633197348,1294825.837,15.54922633197348,82.55915494751346,2.8630398603576404,0.6178789484223863
