"zone_geo";"codgeo";"commune";"CFE_BASE_GFP_2020";"CFE_TAUX_REEL_GFP_2020";"CFE_TAUX_VOTE_GFP_2020";"CFE_PROD_GFP_2020";"CFE_BASE_GFP_2016";"CFE_TAUX_REEL_GFP_2016";"CFE_TAUX_VOTE_GFP_2016";"CFE_PROD_GFP_2016";"CFE_BASE_GFP_2015";"CFE_TAUX_REEL_GFP_2015";"CFE_PROD_AVEC_TX_VOTE";"CFE_BASE_TC2016TO2020";"CFE_PRODUIT_TC2016TO2020";"CVAE_GFP_2020";"CVAE_DUE_GFP_2020";"CVAE_DEG_GFP_2020";"CVAE_EXO_GFP_2020";"CVAE_GFP_2016";"CVAE_DUE_GFP_2016";"CVAE_DEG_GFP_2016";"TASCOM_2020";"TASCOM_OK_RQ";"TASCOM_GFP_2016";"FNB_BASE_GFP_2020";"FNB_TAUX_REEL_GFP_2020";"FNB_TAUX_VOTE_GFP_2020";"FNB_PROD_GFP_2020";"FNB_BASE_GFP_2016";"FNB_TAUX_REEL_GFP_2016";"FNB_TAUX_VOTE_GFP_2016";"FNB_PROD_GFP_2016";"TAFNB_BASE_GFP_2020";"TAFNB_TAUX_GFP_2020";"TAFNB_PROD_GFP_2020";"TAFNB_BASE_GFP_2016";"TAFNB_TAUX_GFP_2016";"TAFNB_PROD_GFP_2016";"FB_BASE_GFP_2020";"FB_TAUX_REEL_GFP_2020";"FB_TAUX_VOTE_GFP_2020";"FB_PROD_GFP_2020";"FB_BASE_GFP_2016";"FB_TAUX_REEL_GFP_2016";"FB_TAUX_VOTE_GFP_2016";"FB_PROD_GFP_2016";"TH_BASE_GFP_2020";"TH_TAUX_REEL_GFP_2020";"TH_TAUX_VOTE_GFP_2020";"TH_PROD_GFP_2020";"TH_BASE_GFP_2016";"TH_TAUX_REEL_GFP_2016";"TH_TAUX_VOTE_GFP_2016";"TH_PROD_GFP_2016";"IFER_2020";"IFER_RQ_2020";"IFER_2016";"IFER_RQ_2016";"DCTRTP_2020";"GIR_2020";"DCTRTP_2016";"GIR_2016";"POP_DGF";"POP_INSEE";"POP_OFGL_2019";"POP_OFGL_2016";"POTENTIEL_FINANCIER";"POTENTIEL_FINANCIER_PAR_HAB";"ECART_PF_MOYEN";"RATIO_PF";"AC";"RRF";"AC_RRF";"5pc_RFF";"5pc_RFF_represente_AC";"TEOM_2019";"LOGEMENTS_TH";"LOGEMENTS_SOCIAUX";"PART_LOGEMENT_SOCIAUX";"REVENU_IMPOSABLE";"REV_IMPOSABLE_PAR_HAB";"CVAE_2016";"CFE_TAUX_VOTE_2015";"Impact_AMP_sur_CFE";"NCOM";"Ecart_2011-2009";"Ecart_2011-2009_avec Tascom";"Total_2020";"Total2020_cor";"Compensation_reforme_TP"
"CA du Pays d'Aix en Provence (Capa)";13001;"Aix-en-Provence";76448076,00;28,70;31,02;22057993,00;66071445,00;27,11;31,02;17910414,00;66201074,00;26,79;20495362,24;15,71;23,16;21013169,00;16317397,00;4683528,00;12244,00;15995505,00;11931732,00;4063773,00;2027906,00;;1765033,00;1598743,00;2,21;2,78;34907,00;1501705,00;1,87;2,78;27560,00;1217990,00;20,23;246477,00;1126632,00;20,23;227920,00;233407648,00;1,00;2,59;2334308,00;212607716,00;0,20;2,59;425282,00;254139159,00;9,37;11,69;23819200,00;236595810,00;8,60;11,69;20347914,00;807093,00;"'2019+ecart connu entre 2020 et 2019";735906,00;"'2017-ecart connu entre 2017 et 2016";128369341,00;245717445,00;129240252,00;245793455,00;150455,00;145676,00;146385,00;145160,00;205986934,00;1369,09;8,20;108,20;46912103,00;188905126,30;24,83;9445256,32;20,13;24573956,00;75096,00;13573,00;18,07;2667765017,00;18313,00;15995505,00;26,79;3233753,60;"13001";1727135,41;3402394,41;46152638,00;42750243,59;-3402394,41
"CU de Marseille Provence Métropole (Mpm)";13002;"Allauch";3155300,00;31,93;31,02;1000813,00;2568218,00;32,46;31,02;833854,00;2602156,00;32,63;796661,22;22,86;20,02;608746,00;331196,00;277550,00;0,00;413813,00;164098,00;249715,00;58817,00;2019,00;;84895,00;3,38;2,78;2788,00;86008,00;3,63;2,78;3047,00;50703,00;20,23;10247,00;50384,00;20,23;10198,00;24977538,00;3,39;2,59;847145,00;22468956,00;3,78;2,59;849275,00;39965961,00;11,67;11,69;4664065,00;35905522,00;11,67;11,69;4190156,00;354562,00;"'2019+ecart connu entre 2020 et 2019";346105,00;"'2017-ecart connu entre 2017 et 2016";128369341,00;245717445,00;129240252,00;245793455,00;21612,00;21394,00;21484,00;21543,00;22366094,00;1034,89;-18,21;81,79;814898,00;23704704,73;3,44;1185235,24;100,00;2458374,00;9059,00;521,00;5,75;416138890,00;19451,20;413813,00;32,63;-50800,33;"13002";2286126,21;2321372,27;2033185,00;-288187,27;-2321372,27
"CA Salon Etang de Berre Durance (Agglopole Provence)";13003;"Alleins";284232,00;28,80;31,02;81375,00;262398,00;27,28;31,02;71574,00;236718,00;26,98;81395,86;8,32;13,69;39233,00;5905,00;33328,00;0,00;18563,00;1506,00;17057,00;0,00;;0,00;121331,00;2,80;2,78;3388,00;112720,00;2,76;2,78;3084,00;37788,00;20,23;7644,00;32666,00;20,23;6610,00;2465174,00;3,39;2,59;83383,00;2199376,00;3,78;2,59;83127,00;3831722,00;13,45;11,69;515364,00;3367125,00;14,03;11,69;472417,00;802,00;"'2019+ecart connu entre 2020 et 2019";6724,00;"'2017-ecart connu entre 2017 et 2016";128369341,00;245717445,00;129240252,00;245793455,00;2598,00;2562,00;2567,00;2493,00;3056231,00;1176,38;-7,03;92,97;855288,00;2648591,89;32,29;132429,59;15,48;258876,00;1144,00;125,00;10,93;43851565,00;17116,15;18563,00;26,98;11482,97;"13003";269993,53;269993,53;129054,00;-140939,53;-269993,53
"CA du Pays d'Aubagne et de l'Etoile (Capae)";13005;"Aubagne";26297472,00;32,87;31,02;8632034,00;26154087,00;34,02;31,02;8898087,00;25801614,00;34,33;8112997,79;0,55;-2,99;5337395,00;3697885,00;1639402,00;108,00;4770249,00;3318454,00;1451795,00;1523730,00;;1656187,00;323030,00;3,23;2,78;10290,00;271789,00;3,42;2,78;9189,00;158084,00;20,23;31971,00;112509,00;20,23;22760,00;66319952,00;1,00;2,59;664405,00;61620463,00;0,20;2,59;123648,00;67612229,00;9,70;11,69;6558393,00;63324758,00;9,04;11,69;5724468,00;252700,00;"'2019+ecart connu entre 2020 et 2019";225221,00;"'2017-ecart connu entre 2017 et 2016";128369341,00;245717445,00;129240252,00;245793455,00;47031,00;46621,00;45711,00;45779,00;56183185,00;1194,60;-5,59;94,41;12762022,00;68702032,31;18,58;3435101,62;26,92;6563260,00;20936,00;5268,00;25,16;690778254,00;14816,89;4770249,00;34,33;-870446,33;"13005";-7862490,33;-6346172,33;15777830,00;22124002,33;6346172,33
"CA du Pays d'Aubagne et de l'Etoile (Capae)";13007;"Auriol";2178227,00;32,87;31,02;715328,00;2044927,00;34,02;31,02;695837,00;2030463,00;34,33;634336,36;6,52;2,80;221708,00;86117,00;135591,00;0,00;183196,00;63959,00;119237,00;72456,00;;48484,00;113419,00;3,23;2,78;3599,00;107281,00;3,42;2,78;3621,00;46171,00;20,23;9345,00;42883,00;20,23;8672,00;11667721,00;1,00;2,59;116719,00;10362862,00;0,20;2,59;20779,00;17152748,00;11,06;11,69;1897086,00;15360697,00;10,85;11,69;1666671,00;67631,00;"'2019+ecart connu entre 2020 et 2019";62221,00;"'2017-ecart connu entre 2017 et 2016";128369341,00;245717445,00;129240252,00;245793455,00;12357,00;12084,00;11583,00;11495,00;10567451,00;855,18;-32,41;67,59;-130740,00;12367044,83;-1,06;618352,24;0,00;1195407,00;5274,00;425,00;8,06;211781744,00;17525,80;183196,00;34,33;-72099,31;"13007";814859,09;865150,16;1086468,00;221317,84;-865150,16
"CA Salon Etang de Berre Durance (Agglopole Provence)";13008;"Aurons";57313,00;28,80;31,02;16395,00;47201,00;27,28;31,02;12875,00;41658,00;26,98;14641,75;21,42;27,34;8140,00;4637,00;3503,00;0,00;71768,00;71768,00;0,00;0,00;;0,00;9617,00;2,80;2,78;262,00;9146,00;2,76;2,78;250,00;554,00;20,23;111,00;507,00;20,23;103,00;618344,00;3,39;2,59;20947,00;580454,00;3,78;2,59;21939,00;968435,00;11,85;11,69;114758,00;867519,00;11,90;11,69;103238,00;11052,00;"'2019+ecart connu entre 2020 et 2019";4428,00;"'2017-ecart connu entre 2017 et 2016";128369341,00;245717445,00;129240252,00;245793455,00;582,00;567,00;557,00;549,00;680758,00;1169,69;-7,56;92,44;194447,00;624076,93;31,16;31203,85;16,05;63087,00;242,00;0,00;0,00;11973093,00;21116,57;71768,00;26,98;2315,45;"13008";64556,17;64556,17;35698,00;-28858,17;-64556,17
"CA Salon Etang de Berre Durance (Agglopole Provence)";13009;"La Barben";107562,00;28,80;31,02;30968,00;125078,00;27,28;31,02;34115,00;113108,00;26,98;38799,20;-14,00;-9,22;14771,00;436,00;14335,00;0,00;26980,00;8272,00;18708,00;0,00;;0,00;28218,00;2,80;2,78;771,00;26215,00;2,76;2,78;705,00;2859,00;20,23;579,00;1910,00;20,23;388,00;887195,00;3,39;2,59;30056,00;801108,00;3,78;2,59;30277,00;1403678,00;13,23;11,69;185702,00;1261467,00;13,75;11,69;173455,00;17577,00;"'2019+ecart connu entre 2020 et 2019";15660,00;"'2017-ecart connu entre 2017 et 2016";128369341,00;245717445,00;129240252,00;245793455,00;887,00;878,00;879,00;786,00;919914,00;1037,11;-18,03;81,97;201613,00;972129,91;20,74;48606,50;24,11;90583,00;319,00;0,00;0,00;16216102,00;18469,36;26980,00;26,98;4345,50;"13009";23893,00;23893,00;63895,00;40002,00;-23893,00
"CA du Pays d'Aix en Provence (Capa)";13012;"Beaurecueil";126894,00;28,70;31,02;36302,00;129249,00;27,11;31,02;35032,00;124099,00;26,79;40093,04;-1,82;3,63;10903,00;3583,00;7320,00;0,00;10415,00;4507,00;5908,00;0,00;;0,00;10187,00;2,21;2,78;221,00;9740,00;1,87;2,78;168,00;2141,00;20,23;431,00;1965,00;20,23;397,00;913964,00;1,00;2,59;9145,00;797775,00;0,20;2,59;1596,00;1235240,00;10,64;11,69;131430,00;1199490,00;10,29;11,69;123427,00;9487,00;"'2019+ecart connu entre 2020 et 2019";8100,00;"'2017-ecart connu entre 2017 et 2016";128369341,00;245717445,00;129240252,00;245793455,00;659,00;636,00;630,00;582,00;895138,00;1358,33;7,35;107,35;277325,00;730402,21;37,97;36520,11;13,17;91505,00;231,00;0,00;0,00;15492611,00;24359,45;10415,00;26,79;5367,62;"13012";111264,00;111264,00;57123,00;-54141,00;-111264,00
"CA du Pays d'Aubagne et de l'Etoile (Capae)";13013;"Belcodène";455075,00;32,87;31,02;149347,00;444615,00;34,02;31,02;151284,00;396462,00;34,33;137919,57;2,35;-1,28;26492,00;7165,00;19327,00;0,00;27460,00;8824,00;18636,00;0,00;;0,00;11484,00;3,23;2,78;351,00;11720,00;3,42;2,78;379,00;6722,00;20,23;1359,00;7095,00;20,23;1432,00;1779816,00;1,00;2,59;17796,00;1586472,00;0,20;2,59;3188,00;2884459,00;10,57;11,69;304880,00;2578720,00;10,20;11,69;263038,00;9088,00;"'2019+ecart connu entre 2020 et 2019";8795,00;"'2017-ecart connu entre 2017 et 2016";128369341,00;245717445,00;129240252,00;245793455,00;1962,00;1932,00;1937,00;1900,00;1635992,00;833,84;-34,10;65,90;19638,00;1703783,63;1,15;85189,18;100,00;181189,00;723,00;0,00;0,00;34405622,00;17808,29;27460,00;34,33;-15062,98;"13013";239149,00;239149,00;186286,00;-52863,00;-239149,00
"CA Salon Etang de Berre Durance (Agglopole Provence)";13014;"Berre-l'Étang";21724883,00;28,80;31,02;6270702,00;20272046,00;27,28;31,02;5530182,00;23636353,00;26,98;6288388,67;7,17;13,39;1399875,00;1211041,00;187801,00;1033,00;1430263,00;1252962,00;177301,00;39813,00;;;388530,00;2,80;2,78;10821,00;365854,00;2,76;2,78;10044,00;122488,00;20,23;24780,00;110694,00;20,23;22398,00;25725844,00;3,39;2,59;869209,00;26728010,00;3,78;2,59;1010330,00;13033430,00;11,34;11,69;1477901,00;12348921,00;11,23;11,69;1386764,00;64628,00;"'2019+ecart connu entre 2020 et 2019";53102,00;"'2017-ecart connu entre 2017 et 2016";128369341,00;245717445,00;129240252,00;245793455,00;13621,00;13563,00;13594,00;14019,00;46010192,00;3377,89;166,97;266,97;34678238,00;45979128,64;75,42;2298956,43;6,63;1262626,00;5404,00;1347,00;24,93;160020929,00;11798,34;1430263,00;26,98;877685,27;"13014";-36305758,22;-36305758,22;7799798,00;44105556,22;36305758,22
"CA du Pays d'Aix en Provence (Capa)";13015;"Bouc-Bel-Air";7505551,00;28,70;31,02;2165937,00;6293285,00;27,11;31,02;1705985,00;6018564,00;26,79;1952177,01;19,26;26,96;1224783,00;882994,00;341789,00;0,00;965305,00;681726,00;283579,00;191490,00;;141137,00;116706,00;2,21;2,78;2438,00;109418,00;1,87;2,78;1893,00;85074,00;20,23;17196,00;77542,00;20,23;15675,00;20671303,00;1,00;2,59;206564,00;18143587,00;0,20;2,59;36453,00;24525505,00;10,34;11,69;2535939,00;22515333,00;9,90;11,69;2228984,00;88151,00;"'2019+ecart connu entre 2020 et 2019";76195,00;"'2017-ecart connu entre 2017 et 2016";128369341,00;245717445,00;129240252,00;245793455,00;15067,00;14946,00;14787,00;14283,00;17064900,00;1132,60;-10,49;89,51;2893511,00;16136896,16;17,93;806844,81;27,88;2039491,00;5888,00;509,00;8,64;310058278,00;20745,23;965305,00;26,79;317484,81;"13015";-560295,40;-469537,40;3687557,00;4157094,40;469537,40
"CA du Pays d'Aubagne et de l'Etoile (Capae)";13016;"La Bouilladisse";883290,00;32,87;31,02;289384,00;848215,00;34,02;31,02;288642,00;841897,00;34,33;263116,29;4,14;0,26;107145,00;37496,00;69649,00;0,00;84432,00;27001,00;57431,00;11196,00;2019,00;;34913,00;3,23;2,78;1055,00;29063,00;3,42;2,78;914,00;19973,00;20,23;4039,00;14419,00;20,23;2919,00;5216961,00;1,00;2,59;52166,00;4729425,00;0,20;2,59;9478,00;7940281,00;11,10;11,69;881351,00;7188034,00;10,90;11,69;783503,00;1105,00;"'2019+ecart connu entre 2020 et 2019";1080,00;"'2017-ecart connu entre 2017 et 2016";128369341,00;245717445,00;129240252,00;245793455,00;6354,00;6275,00;6215,00;6136,00;5102978,00;803,11;-36,53;63,47;-38722,00;5676322,05;-0,68;283816,10;0,00;538229,00;2533,00;40,00;1,58;106104372,00;16909,06;84432,00;34,33;-29236,90;"13016";612207,72;623058,61;412869,00;-210189,61;-623058,61
"CA du Pays d'Aix en Provence (Capa)";13019;"Cabriès";7912861,00;28,70;31,02;2293163,00;6551374,00;27,11;31,02;1775984,00;6216984,00;26,79;2032236,21;20,78;29,12;1009545,00;759172,00;250373,00;0,00;799261,00;585714,00;213547,00;929567,00;;736135,00;130534,00;2,21;2,78;2761,00;127405,00;1,87;2,78;2305,00;87939,00;20,23;17747,00;85175,00;20,23;17168,00;17720883,00;1,00;2,59;177206,00;16269486,00;0,20;2,59;32649,00;18084259,00;10,74;11,69;1942231,00;16695854,00;10,42;11,69;1739696,00;505831,00;"'2019+ecart connu entre 2020 et 2019";481729,00;"'2017-ecart connu entre 2017 et 2016";128369341,00;245717445,00;129240252,00;245793455,00;10290,00;10080,00;10033,00;9563,00;12806665,00;1244,57;-1,64;98,36;2434781,00;13476317,39;18,07;673815,87;27,67;1670884,00;4019,00;152,00;3,78;232204826,00;23036,19;799261,00;26,79;334714,02;"13019";-320527,28;255452,72;4755853,00;4500400,28;-255452,72
"CA du Pays d'Aubagne et de l'Etoile (Capae)";13020;"Cadolive";200643,00;32,87;31,02;66004,00;164804,00;34,02;31,02;56093,00;156377,00;34,33;51122,20;21,75;17,67;14681,00;1606,00;13075,00;0,00;9001,00;2468,00;6533,00;0,00;;0,00;5865,00;3,23;2,78;164,00;4043,00;3,42;2,78;114,00;4180,00;20,23;847,00;2339,00;20,23;472,00;1861832,00;1,00;2,59;18633,00;1700159,00;0,20;2,59;3397,00;2830017,00;11,10;11,69;314130,00;2679571,00;10,90;11,69;292087,00;1105,00;"'2019+ecart connu entre 2020 et 2019";1080,00;"'2017-ecart connu entre 2017 et 2016";128369341,00;245717445,00;129240252,00;245793455,00;2229,00;2205,00;2201,00;2154,00;1816592,00;814,98;-35,59;64,41;12709,00;2376754,21;0,53;118837,71;100,00;191632,00;937,00;0,00;0,00;35606467,00;16148,06;9001,00;34,33;-6641,28;"13020";204546,72;204546,72;82637,00;-121909,72;-204546,72
"CU de Marseille Provence Métropole (Mpm)";13021;"Carry-le-Rouet";1463124,00;31,93;31,02;477215,00;1243630,00;32,46;31,02;403767,00;1228064,00;32,63;385774,03;17,65;18,19;206345,00;106058,00;100287,00;0,00;161109,00;72580,00;88529,00;24684,00;;25122,00;53231,00;3,38;2,78;1816,00;54839,00;3,63;2,78;2009,00;52579,00;20,23;10632,00;54217,00;20,23;10962,00;12407682,00;3,39;2,59;421885,00;11436594,00;3,78;2,59;432255,00;19584858,00;11,94;11,69;2338406,00;18522054,00;12,03;11,69;2228204,00;34431,00;"'2019+ecart connu entre 2020 et 2019";29004,00;"'2017-ecart connu entre 2017 et 2016";128369341,00;245717445,00;129240252,00;245793455,00;7198,00;5951,00;6020,00;6188,00;10767619,00;1495,92;18,23;118,23;-405749,00;8024179,90;-5,06;401209,00;0,00;1211249,00;3771,00;46,00;1,22;168320879,00;28284,47;161109,00;32,63;-23556,30;"13021";979198,32;995132,32;753307,00;-241825,32;-995132,32
"CU de Marseille Provence Métropole (Mpm)";13022;"Cassis";3293304,00;31,93;31,02;1044877,00;2350072,00;32,46;31,02;762955,00;2028604,00;32,63;728992,33;40,14;36,95;535337,00;286437,00;248900,00;0,00;419881,00;202851,00;217030,00;13293,00;2019,00;;80155,00;3,38;2,78;2696,00;82229,00;3,63;2,78;2973,00;40535,00;20,23;8197,00;44220,00;20,23;8917,00;14010554,00;3,39;2,59;474486,00;12843696,00;3,78;2,59;485527,00;19568242,00;13,18;11,69;2579037,00;18894460,00;13,68;11,69;2584797,00;33477,00;"'2019+ecart connu entre 2020 et 2019";28351,00;"'2017-ecart connu entre 2017 et 2016";128369341,00;245717445,00;129240252,00;245793455,00;9262,00;7250,00;7265,00;7549,00;12808473,00;1382,91;9,30;109,30;-761211,00;15379306,22;-4,95;768965,31;0,00;1321353,00;5194,00;272,00;5,24;219758440,00;30311,51;419881,00;32,63;-53022,20;"13022";792358,65;802645,32;1635181,00;832535,68;-802645,32
"CU de Marseille Provence Métropole (Mpm)";13023;"Ceyreste";738895,00;31,93;31,02;233374,00;553843,00;32,46;31,02;179833,00;517301,00;32,63;171802,10;33,41;29,77;63193,00;22727,00;40466,00;0,00;52360,00;14168,00;38192,00;0,00;;0,00;29619,00;3,38;2,78;954,00;28806,00;3,63;2,78;999,00;20769,00;20,23;4201,00;20203,00;20,23;4092,00;5460436,00;3,39;2,59;185306,00;4841765,00;3,78;2,59;183033,00;8953231,00;11,88;11,69;1063618,00;8065850,00;11,95;11,69;963853,00;25230,00;"'2019+ecart connu entre 2020 et 2019";21450,00;"'2017-ecart connu entre 2017 et 2016";128369341,00;245717445,00;129240252,00;245793455,00;4840,00;4676,00;4631,00;4368,00;4464491,00;922,42;-27,10;72,90;-87782,00;3302909,78;-2,66;165145,49;0,00;542097,00;2248,00;110,00;4,89;96849623,00;20712,07;52360,00;32,63;-11896,21;"13023";563572,73;563572,73;325998,00;-237574,73;-563572,73
"CA Salon Etang de Berre Durance (Agglopole Provence)";13024;"Charleval";515664,00;28,80;31,02;143694,00;441953,00;27,28;31,02;120557,00;353662,00;26,98;137093,82;16,68;19,19;54886,00;25453,00;28920,00;513,00;35259,00;19425,00;15834,00;0,00;;0,00;130802,00;2,80;2,78;3643,00;123474,00;2,76;2,78;3390,00;5833,00;20,23;1180,00;4231,00;20,23;856,00;2750116,00;3,39;2,59;93043,00;2321392,00;3,78;2,59;87749,00;3503154,00;13,17;11,69;461376,00;3160379,00;13,66;11,69;431697,00;30354,00;"'2019+ecart connu entre 2020 et 2019";9003,00;"'2017-ecart connu entre 2017 et 2016";128369341,00;245717445,00;129240252,00;245793455,00;2785,00;2736,00;2755,00;2583,00;3322726,00;1193,08;-5,71;94,29;1059278,00;2645873,54;40,04;132293,68;12,49;272124,00;1197,00;108,00;9,02;38723308,00;14153,26;35259,00;26,98;20832,83;"13024";294320,25;294320,25;230114,00;-64206,25;-294320,25
"CA du Pays d'Aix en Provence (Capa)";13025;"Châteauneuf-le-Rouge";1722096,00;28,70;31,02;487870,00;1385873,00;27,11;31,02;375681,00;1352372,00;26,79;429897,80;24,26;29,86;248209,00;163229,00;84980,00;0,00;209541,00;146780,00;62761,00;0,00;;0,00;28074,00;2,21;2,78;571,00;33099,00;1,87;2,78;567,00;11983,00;20,23;2419,00;17782,00;20,23;3602,00;3118179,00;1,00;2,59;31206,00;2645133,00;0,20;2,59;5312,00;4001395,00;9,42;11,69;376930,00;3436842,00;8,67;11,69;297980,00;9626,00;"'2019+ecart connu entre 2020 et 2019";7998,00;"'2017-ecart connu entre 2017 et 2016";128369341,00;245717445,00;129240252,00;245793455,00;2338,00;2307,00;2221,00;2210,00;2570246,00;1099,34;-13,12;86,88;467852,00;2639889,31;17,72;131994,47;28,21;307255,00;968,00;9,00;0,93;54942465,00;23815,55;209541,00;26,79;72844,66;"13025";145044,48;145044,48;748124,00;603079,52;-145044,48
"CU de Marseille Provence Métropole (Mpm)";13026;"Châteauneuf-les-Martigues";7344520,00;31,93;31,02;2353321,00;6491653,00;32,46;31,02;2107355,00;6328137,00;32,63;2013710,76;13,14;11,67;895351,00;626778,00;268573,00;0,00;725019,00;507724,00;217295,00;270655,00;;259191,00;82573,00;3,38;2,78;2750,00;100603,00;3,63;2,78;3610,00;34759,00;20,23;7026,00;53609,00;20,23;10845,00;20042328,00;3,39;2,59;679437,00;17445806,00;3,78;2,59;659411,00;22705713,00;11,96;11,69;2715681,00;20220101,00;12,05;11,69;2436576,00;96935,00;"'2019+ecart connu entre 2020 et 2019";83191,00;"'2017-ecart connu entre 2017 et 2016";128369341,00;245717445,00;129240252,00;245793455,00;16959,00;16920,00;16442,00;13942,00;26451810,00;1559,75;23,27;123,27;12730546,00;26031352,67;48,90;1301567,63;10,22;1731892,00;7342,00;1362,00;18,55;237649531,00;14045,48;725019,00;32,63;-118246,77;"13026";-17629133,32;-17488573,32;3623288,00;21111861,32;17488573,32
"CU de Marseille Provence Métropole (Mpm)";13028;"La Ciotat";15234311,00;31,93;31,02;4900819,00;12604544,00;32,46;31,02;4091967,00;12791499,00;32,63;3909929,55;20,86;19,77;2693861,00;1778115,00;915746,00;0,00;2289333,00;1462381,00;826952,00;458578,00;;568660,00;196526,00;3,38;2,78;6555,00;171715,00;3,63;2,78;6154,00;166668,00;20,23;33725,00;142133,00;20,23;28738,00;50650645,00;3,39;2,59;1718429,00;45443075,00;3,78;2,59;1717541,00;61218163,00;12,31;11,69;7535815,00;55545877,00;12,52;11,69;6954380,00;193665,00;"'2019+ecart connu entre 2020 et 2019";212507,00;"'2017-ecart connu entre 2017 et 2016";128369341,00;245717445,00;129240252,00;245793455,00;40151,00;35563,00;35758,00;35046,00;47107177,00;1173,25;-7,27;92,73;6787647,00;59052155,44;11,49;2952607,77;43,50;4777557,00;22640,00;3931,00;17,36;669945571,00;18838,27;2289333,00;32,63;-245272,41;"13028";-881600,57;-537287,57;8280648,00;8817935,57;537287,57
"SAN Ouest Provence";13029;"Cornillon-Confoux";123567,00;32,89;31,02;40361,00;98545,00;34,05;31,02;33532,00;116655,00;34,37;30568,66;25,39;20,37;10213,00;2201,00;8012,00;0,00;10933,00;677,00;10256,00;0,00;;0,00;36354,00;3,38;2,78;1186,00;34295,00;3,63;2,78;1207,00;4861,00;20,23;983,00;4129,00;20,23;833,00;1621903,00;3,39;2,59;54991,00;1438595,00;3,78;2,59;54374,00;2776353,00;13,12;11,69;364259,00;2292432,00;13,60;11,69;311766,00;2092,00;"'2019+ecart connu entre 2020 et 2019";2047,00;"'2017-ecart connu entre 2017 et 2016";128369341,00;245717445,00;129240252,00;245793455,00;1437,00;1395,00;1397,00;1380,00;2427115,00;1689,02;33,49;133,49;1131978,00;1876979,60;60,31;93848,98;8,29;117157,00;652,00;6,00;0,92;29844094,00;21393,62;10933,00;34,37;-4139,49;"13029";185560,00;185560,00;53649,00;-131911,00;-185560,00
"CA du Pays d'Aubagne et de l'Etoile (Capae)";13030;"Cuges-les-Pins";485476,00;32,87;31,02;156963,00;456643,00;34,02;31,02;155411,00;462075,00;34,33;141650,66;6,31;1,00;57482,00;24574,00;32908,00;0,00;34778,00;9366,00;25412,00;19931,00;2019,00;0,00;39830,00;3,23;2,78;1208,00;36993,00;3,42;2,78;1197,00;16091,00;20,23;3257,00;14015,00;20,23;2841,00;4607394,00;1,00;2,59;46049,00;3982821,00;0,20;2,59;7997,00;6962168,00;11,12;11,69;774192,00;5951086,00;10,93;11,69;650444,00;24713,00;"'2019+ecart connu entre 2020 et 2019";18515,00;"'2017-ecart connu entre 2017 et 2016";128369341,00;245717445,00;129240252,00;245793455,00;5214,00;5134,00;5096,00;5015,00;4321026,00;828,74;-34,50;65,50;81952,00;5358112,56;1,53;267905,63;100,00;470166,00;2246,00;76,00;3,38;85179945,00;16591,34;34778,00;34,33;-16069,26;"13030";274053,00;274053,00;262346,00;-11707,00;-274053,00
"CA du Pays d'Aubagne et de l'Etoile (Capae)";13031;"La Destrousse";1213797,00;32,87;31,02;401726,00;1279756,00;34,02;31,02;435408,00;1261572,00;34,33;396980,31;-5,15;-7,74;188008,00;113747,00;74261,00;0,00;332543,00;268824,00;63719,00;103635,00;;84379,00;10325,00;3,23;2,78;301,00;15064,00;3,42;2,78;482,00;6790,00;20,23;1376,00;11419,00;20,23;2307,00;3550425,00;1,00;2,59;35497,00;3037806,00;0,20;2,59;6109,00;4643975,00;9,98;11,69;463476,00;3843694,00;9,41;11,69;361703,00;8928,00;"'2019+ecart connu entre 2020 et 2019";7020,00;"'2017-ecart connu entre 2017 et 2016";128369341,00;245717445,00;129240252,00;245793455,00;3569,00;3545,00;3478,00;3150,00;3033400,00;849,93;-32,83;67,17;70358,00;2618763,70;2,69;130938,19;100,00;360676,00;1558,00;38,00;2,44;56990728,00;16076,37;332543,00;34,33;-40176,68;"13031";156758,00;227034,00;703673,00;476639,00;-227034,00
"CA du Pays d'Aix en Provence (Capa)";13032;"Éguilles";2894679,00;28,70;31,02;818869,00;2595449,00;27,11;31,02;703533,00;2338149,00;26,79;805108,28;11,53;16,39;612240,00;372416,00;239824,00;0,00;418091,00;227098,00;190993,00;14640,00;2019,00;19745,00;88225,00;2,21;2,78;1823,00;82789,00;1,87;2,78;1431,00;31156,00;20,23;6302,00;27279,00;20,23;5523,00;10019990,00;1,00;2,59;100059,00;8905409,00;0,20;2,59;17890,00;13516031,00;9,82;11,69;1327278,00;12149615,00;9,20;11,69;1117762,00;82646,00;"'2019+ecart connu entre 2020 et 2019";68408,00;"'2017-ecart connu entre 2017 et 2016";128369341,00;245717445,00;129240252,00;245793455,00;8072,00;7996,00;7901,00;7737,00;8921409,00;1105,23;-12,65;87,35;1556181,00;9983935,16;15,59;499196,76;32,08;1064111,00;3573,00;159,00;4,45;193188936,00;24160,70;418091,00;26,79;122444,92;"13032";262989,67;279443,84;1534697,00;1255253,16;-279443,84
"CU de Marseille Provence Métropole (Mpm)";13033;"Ensuès-la-Redonne";1012828,00;31,93;31,02;323846,00;871092,00;32,46;31,02;282813,00;845536,00;32,63;270212,74;16,27;14,51;97370,00;44847,00;52523,00;0,00;96859,00;61327,00;35532,00;12664,00;2019,00;;55606,00;3,38;2,78;1848,00;33654,00;3,63;2,78;1189,00;48985,00;20,23;9911,00;26958,00;20,23;5455,00;7387969,00;3,39;2,59;250336,00;6531983,00;3,78;2,59;246924,00;11625604,00;13,15;11,69;1528778,00;10299576,00;13,64;11,69;1404823,00;32605,00;"'2019+ecart connu entre 2020 et 2019";26728,00;"'2017-ecart connu entre 2017 et 2016";128369341,00;245717445,00;129240252,00;245793455,00;5987,00;5576,00;5575,00;5452,00;5969242,00;997,03;-21,20;78,80;213815,00;6918103,08;3,09;345905,15;100,00;683169,00;2670,00;70,00;2,62;108008217,00;19370,20;96859,00;32,63;-16306,53;"13033";435228,72;441414,84;476396,00;34981,16;-441414,84
"CA Salon Etang de Berre Durance (Agglopole Provence)";13035;"Eyguières";839909,00;28,80;31,02;249007,00;730702,00;27,28;31,02;199314,00;701133,00;26,98;226663,76;14,95;24,93;126302,00;49176,00;77126,00;0,00;102556,00;46899,00;55657,00;38702,00;2019,00;43988,00;219560,00;2,80;2,78;6078,00;224338,00;2,76;2,78;6119,00;33271,00;20,23;6730,00;34471,00;20,23;6971,00;6971394,00;3,39;2,59;236368,00;6285469,00;3,78;2,59;237646,00;9748976,00;12,18;11,69;1187414,00;8966477,00;12,34;11,69;1106475,00;13398,00;"'2019+ecart connu entre 2020 et 2019";12426,00;"'2017-ecart connu entre 2017 et 2016";128369341,00;245717445,00;129240252,00;245793455,00;7407,00;7176,00;7262,00;6862,00;7957078,00;1074,26;-15,10;84,90;1822649,00;7874240,48;23,15;393712,02;21,60;731671,00;3432,00;204,00;5,94;123482478,00;17207,70;102556,00;26,98;33932,32;"13035";701534,26;720924,53;434139,00;-286785,53;-720924,53
"CA Salon Etang de Berre Durance (Agglopole Provence)";13037;"La Fare-les-Oliviers";2257649,00;28,80;31,02;653745,00;1990428,00;27,28;31,02;542957,00;1925740,00;26,98;617430,77;13,43;20,40;170099,00;83876,00;86223,00;0,00;163351,00;82093,00;81258,00;69590,00;;104538,00;76047,00;2,80;2,78;2087,00;75741,00;2,76;2,78;2044,00;24003,00;20,23;4865,00;23401,00;20,23;4736,00;7920450,00;3,39;2,59;268124,00;6942752,00;3,78;2,59;262471,00;10762740,00;13,61;11,69;1464814,00;9654870,00;14,25;11,69;1375808,00;27995,00;"'2019+ecart connu entre 2020 et 2019";30371,00;"'2017-ecart connu entre 2017 et 2016";128369341,00;245717445,00;129240252,00;245793455,00;8625,00;8574,00;8385,00;8119,00;9449846,00;1095,63;-13,41;86,59;2506903,00;10755967,63;23,31;537798,38;21,45;765898,00;3600,00;201,00;5,58;142586542,00;16630,11;163351,00;26,98;91209,02;"13037";635623,71;635623,71;926294,00;290670,29;-635623,71
"SAN Ouest Provence";13039;"Fos-sur-Mer";114124183,00;32,89;31,02;37572693,00;104070299,00;34,05;31,02;35435727,00;102145290,00;34,37;32282606,75;9,66;6,03;6536413,00;6187464,00;348949,00;0,00;6323370,00;5972750,00;350620,00;87850,00;;39346,00;130203,00;3,38;2,78;4383,00;125140,00;3,63;2,78;4521,00;107409,00;20,23;21732,00;101267,00;20,23;20482,00;98746525,00;3,39;2,59;3351172,00;94662151,00;3,78;2,59;3578206,00;21005158,00;11,29;11,69;2371542,00;19669396,00;11,16;11,69;2195233,00;5303112,00;"'2019+ecart connu entre 2020 et 2019";7185778,00;"'2017-ecart connu entre 2017 et 2016";128369341,00;245717445,00;129240252,00;245793455,00;15885,00;15654,00;15988,00;16185,00;57736206,00;3634,64;187,26;287,26;29280836,00;60089612,64;48,73;3004480,63;10,26;1246565,00;6892,00;1172,00;17,01;234076783,00;14953,16;6323370,00;34,37;-3823160,15;"13039";-77408145,68;-77380105,51;49521800,00;126901905,51;77380105,51
"CA du Pays d'Aix en Provence (Capa)";13040;"Fuveau";4096902,00;28,70;31,02;1173033,00;2936381,00;27,11;31,02;795988,00;2436350,00;26,79;910865,39;39,52;47,37;470078,00;339416,00;130446,00;216,00;252491,00;154902,00;97589,00;44774,00;;15748,00;134551,00;2,21;2,78;2840,00;130317,00;1,87;2,78;2295,00;67049,00;20,23;13573,00;64005,00;20,23;12935,00;11580049,00;1,00;2,59;115676,00;9678718,00;0,20;2,59;19415,00;14621219,00;10,59;11,69;1548365,00;13196892,00;10,23;11,69;1350077,00;63055,00;"'2019+ecart connu entre 2020 et 2019";42026,00;"'2017-ecart connu entre 2017 et 2016";128369341,00;245717445,00;129240252,00;245793455,00;10639,00;10338,00;10149,00;9687,00;10314418,00;969,49;-23,38;76,62;1016306,00;10715003,83;9,48;535750,19;52,72;1161367,00;4278,00;226,00;5,28;190899726,00;18465,83;252491,00;26,79;173298,95;"13040";617336,93;630460,27;1764513,00;1134052,73;-630460,27
"CA du Pays d'Aix en Provence (Capa)";13041;"Gardanne";11305123,00;32,46;31,02;3679621,00;9598480,00;33,34;31,02;3200120,00;9269483,00;33,59;2977448,50;17,78;14,98;1330185,00;892231,00;437954,00;0,00;940815,00;575670,00;365145,00;241650,00;;229850,00;130024,00;2,21;2,78;2786,00;111339,00;1,87;2,78;1964,00;87535,00;20,23;17691,00;69454,00;20,23;14049,00;23295916,00;1,00;2,59;232863,00;21018168,00;0,20;2,59;42192,00;23075068,00;10,14;11,69;2339725,00;20951313,00;9,62;11,69;2015567,00;1465863,00;"'2019+ecart connu entre 2020 et 2019";1186215,00;"'2017-ecart connu entre 2017 et 2016";128369341,00;245717445,00;129240252,00;245793455,00;21223,00;21143,00;20761,00;20240,00;31949810,00;1505,43;18,98;118,98;4392324,00;33902206,21;12,96;1695110,31;38,59;2100633,00;9655,00;2153,00;22,30;310016508,00;14662,84;940815,00;26,79;478206,70;"13041";;;6735010,00;6735010,00;0,00
"CU de Marseille Provence Métropole (Mpm)";13042;"Gémenos";6901109,00;31,93;31,02;2197182,00;7234521,00;32,46;31,02;2348445,00;7054342,00;32,63;2244148,41;-4,61;-6,44;1664040,00;1275556,00;388484,00;0,00;2209168,00;1854614,00;354554,00;20478,00;;34582,00;81929,00;3,38;2,78;2727,00;84644,00;3,63;2,78;3040,00;56208,00;20,23;11375,00;60791,00;20,23;12298,00;13022798,00;3,39;2,59;441878,00;12062670,00;3,78;2,59;455943,00;10918756,00;13,29;11,69;1451105,00;9920841,00;13,82;11,69;1371052,00;32278,00;"'2019+ecart connu entre 2020 et 2019";26114,00;"'2017-ecart connu entre 2017 et 2016";128369341,00;245717445,00;129240252,00;245793455,00;6698,00;6626,00;6578,00;6336,00;14671959,00;2190,50;73,12;173,12;7915602,00;13533205,93;58,49;676660,30;8,55;969053,00;2854,00;57,00;2,00;145235866,00;21919,09;2209168,00;32,63;-111107,86;"13042";-4207361,42;-4178717,42;3925353,00;8104070,42;4178717,42
"CU de Marseille Provence Métropole (Mpm)";13043;"Gignac-la-Nerthe";1973813,00;31,93;31,02;623319,00;2088493,00;32,46;31,02;678004,00;2114819,00;32,63;647850,53;-5,49;-8,07;270479,00;168662,00;101817,00;0,00;231878,00;139967,00;91911,00;31347,00;;28657,00;70358,00;3,38;2,78;2357,00;68495,00;3,63;2,78;2467,00;22013,00;20,23;4448,00;21792,00;20,23;4408,00;10739295,00;3,39;2,59;363686,00;9668993,00;3,78;2,59;365435,00;14204674,00;12,70;11,69;1803919,00;12175840,00;13,04;11,69;1587724,00;56486,00;"'2019+ecart connu entre 2020 et 2019";49827,00;"'2017-ecart connu entre 2017 et 2016";128369341,00;245717445,00;129240252,00;245793455,00;9438,00;9409,00;9133,00;9192,00;9708769,00;1028,69;-18,70;81,30;712167,00;10980114,71;6,49;549005,74;77,09;994859,00;4104,00;358,00;8,72;141640537,00;15053,73;231878,00;32,63;-31778,39;"13043";-264856,18;-245540,18;986079,00;1231619,18;245540,18
"SAN Ouest Provence";13044;"Grans";7021290,00;32,89;31,02;2279028,00;6495547,00;34,05;31,02;2211660,00;6136763,00;34,37;2014918,68;8,09;3,05;509555,00;438171,00;71384,00;0,00;551014,00;473491,00;77523,00;25719,00;2019,00;;138701,00;3,38;2,78;4626,00;119214,00;3,63;2,78;4277,00;28831,00;20,23;5828,00;10539,00;20,23;2126,00;10359430,00;3,39;2,59;351087,00;9690849,00;3,78;2,59;366289,00;6712353,00;13,60;11,69;912887,00;6172003,00;14,24;11,69;878872,00;17118,00;"'2019+ecart connu entre 2020 et 2019";13111,00;"'2017-ecart connu entre 2017 et 2016";128369341,00;245717445,00;129240252,00;245793455,00;5255,00;5200,00;4992,00;4467,00;9389232,00;1786,72;41,21;141,21;4292037,00;8772672,14;48,93;438633,61;10,22;552619,00;2272,00;170,00;7,48;95969900,00;18455,75;551014,00;34,37;-235213,22;"13044";927996,99;936990,82;2837248,00;1900257,18;-936990,82
"CA du Pays d'Aix en Provence (Capa)";13046;"Gréasque";741418,00;28,70;31,02;211890,00;667225,00;27,11;31,02;180857,00;675775,00;26,79;206973,20;11,12;17,16;146119,00;74159,00;71960,00;0,00;102288,00;47332,00;54956,00;67665,00;2019,00;;11771,00;2,21;2,78;213,00;10648,00;1,87;2,78;154,00;8026,00;20,23;1625,00;6776,00;20,23;1374,00;4035109,00;1,00;2,59;40317,00;3655963,00;0,20;2,59;7330,00;5856372,00;10,30;11,69;603213,00;5356495,00;9,84;11,69;527098,00;7254,00;"'2019+ecart connu entre 2020 et 2019";5400,00;"'2017-ecart connu entre 2017 et 2016";128369341,00;245717445,00;129240252,00;245793455,00;4351,00;4309,00;4279,00;4115,00;4032970,00;926,91;-26,74;73,26;380119,00;3803641,84;9,99;190182,09;50,03;438051,00;1787,00;88,00;4,92;72044846,00;16719,62;102288,00;26,79;31361,98;"13046";;;434553,00;434553,00;0,00
"SAN Ouest Provence";13047;"Istres";15566557,00;32,89;31,02;5109725,00;13386163,00;34,05;31,02;4557493,00;13031596,00;34,37;4152387,76;16,29;12,12;2229627,00;1769081,00;460101,00;445,00;1721349,00;1279122,00;442227,00;703055,00;;630866,00;330116,00;3,38;2,78;11081,00;336630,00;3,63;2,78;12141,00;141377,00;20,23;28610,00;161533,00;20,23;32678,00;47346939,00;3,39;2,59;1605405,00;43566996,00;3,78;2,59;1646581,00;51684435,00;11,44;11,69;5913068,00;47381194,00;11,36;11,69;5382478,00;353383,00;"'2019+ecart connu entre 2020 et 2019";306071,00;"'2017-ecart connu entre 2017 et 2016";128369341,00;245717445,00;129240252,00;245793455,00;44167,00;43817,00;44248,00;44166,00;94476770,00;2139,08;69,06;169,06;60956056,00;101891762,10;59,82;5094588,11;8,36;3086741,00;19102,00;4913,00;25,72;613070288,00;13991,61;1721349,00;34,37;-521479,66;"13047";-644688,34;-69665,34;8424400,00;8494065,34;69665,34
"CA du Pays d'Aix en Provence (Capa)";13048;"Jouques";1648626,00;28,70;31,02;473170,00;1553640,00;27,11;31,02;421168,00;1517569,00;26,79;481939,13;6,11;12,35;89554,00;63803,00;25751,00;0,00;68539,00;40904,00;27635,00;0,00;;0,00;64065,00;2,21;2,78;1280,00;59901,00;1,87;2,78;1004,00;10179,00;20,23;2061,00;8556,00;20,23;1719,00;5160794,00;1,00;2,59;51614,00;4628090,00;0,20;2,59;9301,00;7116759,00;9,94;11,69;707411,00;6547312,00;9,36;11,69;612829,00;43950,00;"'2019+ecart connu entre 2020 et 2019";11291,00;"'2017-ecart connu entre 2017 et 2016";128369341,00;245717445,00;129240252,00;245793455,00;4708,00;4510,00;4500,00;4384,00;4899204,00;1040,61;-17,76;82,24;887833,00;3741957,11;23,73;187097,86;21,07;496408,00;2085,00;117,00;5,61;75079588,00;16647,36;68539,00;26,79;69736,88;"13048";311868,78;311868,78;608735,00;296866,22;-311868,78
"CA Salon Etang de Berre Durance (Agglopole Provence)";13049;"Lamanon";1364922,00;28,80;31,02;394706,00;1345973,00;27,28;31,02;367175,00;1251583,00;26,98;417520,82;1,41;7,50;259762,00;224252,00;35510,00;0,00;253303,00;219846,00;33457,00;0,00;;0,00;84500,00;2,80;2,78;2353,00;91915,00;2,76;2,78;2518,00;10305,00;20,23;2084,00;16328,00;20,23;3301,00;2770608,00;3,39;2,59;94041,00;2511759,00;3,78;2,59;94939,00;3270161,00;13,33;11,69;435913,00;2900553,00;13,88;11,69;402605,00;11166,00;"'2019+ecart connu entre 2020 et 2019";11908,00;"'2017-ecart connu entre 2017 et 2016";128369341,00;245717445,00;129240252,00;245793455,00;2062,00;2046,00;2060,00;2018,00;3213524,00;1558,45;23,17;123,17;1358912,00;2652622,12;51,23;132631,11;9,76;230887,00;886,00;0,00;0,00;36389328,00;17785,60;253303,00;26,98;55142,85;"13049";-51408,22;-51408,22;667718,00;719126,22;51408,22
"CA du Pays d'Aix en Provence (Capa)";13050;"Lambesc";1833216,00;28,70;31,02;527912,00;1804325,00;27,11;31,02;489099,00;1809283,00;26,79;559701,62;1,60;7,94;283170,00;135993,00;147177,00;0,00;232115,00;94242,00;137873,00;79983,00;;93242,00;153761,00;2,21;2,78;3317,00;145124,00;1,87;2,78;2637,00;21982,00;20,23;4454,00;18602,00;20,23;3768,00;9944786,00;1,00;2,59;99151,00;9054066,00;0,20;2,59;18193,00;13892141,00;9,52;11,69;1322562,00;13090080,00;8,80;11,69;1151926,00;46267,00;"'2019+ecart connu entre 2020 et 2019";44246,00;"'2017-ecart connu entre 2017 et 2016";128369341,00;245717445,00;129240252,00;245793455,00;10162,00;9919,00;9907,00;9572,00;9567122,00;941,46;-25,59;74,41;998221,00;9712754,09;10,28;485637,70;48,65;1066712,00;4288,00;231,00;5,39;164757176,00;16610,26;232115,00;26,79;77545,04;"13050";629946,08;715339,08;941786,00;226446,92;-715339,08
"CA Salon Etang de Berre Durance (Agglopole Provence)";13051;"Lançon-Provence";3041577,00;28,80;31,02;879009,00;2668863,00;27,28;31,02;728027,00;2606439,00;26,98;827881,30;13,97;20,74;464049,00;313240,00;150809,00;0,00;304534,00;194167,00;110367,00;48303,00;;56195,00;130904,00;2,80;2,78;3549,00;119491,00;2,76;2,78;3162,00;19567,00;20,23;3953,00;12512,00;20,23;2532,00;8760548,00;3,39;2,59;295903,00;7839381,00;3,78;2,59;296316,00;11466239,00;13,57;11,69;1555935,00;10521885,00;14,20;11,69;1494099,00;56579,00;"'2019+ecart connu entre 2020 et 2019";44141,00;"'2017-ecart connu entre 2017 et 2016";128369341,00;245717445,00;129240252,00;245793455,00;9131,00;9075,00;9001,00;8801,00;10016595,00;1096,99;-13,30;86,70;2816312,00;11501263,97;24,49;575063,20;20,42;866662,00;3615,00;42,00;1,16;151203433,00;16661,54;304534,00;26,98;122879,71;"13051";609344,20;661007,20;1451893,00;790885,80;-661007,20
"CA Salon Etang de Berre Durance (Agglopole Provence)";13053;"Mallemort";4346451,00;28,80;31,02;1242652,00;3943745,00;27,28;31,02;1075832,00;3954222,00;26,98;1223349,70;10,21;15,51;252794,00;133625,00;117725,00;1444,00;241794,00;124943,00;116851,00;106239,00;;118214,00;395045,00;2,80;2,78;11032,00;395983,00;2,76;2,78;10873,00;94616,00;20,23;19134,00;108265,00;20,23;21900,00;10289581,00;3,39;2,59;348924,00;9357114,00;3,78;2,59;353579,00;10960116,00;13,36;11,69;1464254,00;9566749,00;13,91;11,69;1330755,00;90653,00;"'2019+ecart connu entre 2020 et 2019";87565,00;"'2017-ecart connu entre 2017 et 2016";128369341,00;245717445,00;129240252,00;245793455,00;7669,00;6132,00;6062,00;6188,00;10619352,00;1384,71;9,44;109,44;3738260,00;7703025,38;48,53;385151,27;10,30;928882,00;3148,00;213,00;6,77;101197643,00;16503,20;241794,00;26,98;175596,62;"13053";300467,98;379433,98;1711472,00;1332038,02;-379433,98
"CU de Marseille Provence Métropole (Mpm)";13054;"Marignane";34930378,00;31,93;31,02;11192053,00;27266819,00;32,46;31,02;8851096,00;26971999,00;32,63;8458167,25;28,11;26,45;4879969,00;4413055,00;464850,00;2064,00;4977016,00;4550621,00;426395,00;458811,00;;426933,00;272658,00;3,38;2,78;9178,00;290751,00;3,63;2,78;10516,00;260812,00;20,23;52756,00;278856,00;20,23;56417,00;56542260,00;3,39;2,59;1926270,00;49524009,00;3,78;2,59;1872107,00;43475025,00;13,23;11,69;5751730,00;41522585,00;13,75;11,69;5709469,00;107836,00;"'2019+ecart connu entre 2020 et 2019";86916,00;"'2017-ecart connu entre 2017 et 2016";128369341,00;245717445,00;129240252,00;245793455,00;33360,00;33162,00;33949,00;34297,00;41843280,00;1254,29;-0,87;99,13;8984170,00;44598379,57;20,14;2229918,98;24,82;4397855,00;14661,00;1751,00;11,94;454696293,00;13711,37;4977016,00;32,63;-562379,09;"13054";-4420007,00;-4186260,00;16691425,00;20877685,00;4186260,00
"CU de Marseille Provence Métropole (Mpm)";13055;"Marseille";238604346,00;31,93;31,02;76169640,00;221336024,00;32,46;31,02;71855383,00;218389593,00;32,63;68658434,64;7,80;6,00;52886504,00;38414293,00;14338779,00;133432,00;45266217,00;32069891,00;13154029,00;7397237,00;;7387987,00;2595894,00;3,38;2,78;87617,00;2519126,00;3,63;2,78;91368,00;2421336,00;20,23;489793,00;2340149,00;20,23;473346,00;990638276,00;3,39;2,59;33575603,00;909272909,00;3,78;2,59;34367393,00;1057860487,00;12,69;11,69;134227292,00;982564671,00;13,03;11,69;128027734,00;3669225,00;"'2019+ecart connu entre 2020 et 2019";3272224,00;"'2017-ecart connu entre 2017 et 2016";128369341,00;245717445,00;129240252,00;245793455,00;883397,00;869815,00;870018,00;864323,00;939469998,00;1063,47;-15,95;84,05;129283765,00;1151953909,00;11,22;57597695,45;44,55;182314671,00;402690,00;79037,00;19,63;11781274666,00;13544,58;45266217,00;32,63;-3841530,02;"13055";-12179884,99;-6116179,99;140612399,00;146728578,99;6116179,99
"CA du Pays de Martigues";13056;"Martigues";44648247,00;31,24;31,02;13947918,00;43961500,00;31,31;31,02;13764556,00;41320211,00;31,38;13636857,30;1,56;1,33;4950602,00;4203696,00;746906,00;0,00;5059749,00;4315393,00;744356,00;559341,00;;591760,00;469851,00;2,02;2,78;9329,00;428721,00;1,60;2,78;6700,00;427284,00;20,23;86435,00;387405,00;20,23;78382,00;81491936,00;1,00;2,59;814529,00;75171187,00;0,20;2,59;151115,00;70686763,00;9,83;11,69;6949581,00;65729779,00;9,21;11,69;6053796,00;2215705,00;"'2019+ecart connu entre 2020 et 2019";2159897,00;"'2017-ecart connu entre 2017 et 2016";128369341,00;245717445,00;129240252,00;245793455,00;50248,00;48656,00;49310,00;48496,00;139103050,00;2768,33;118,79;218,79;95065616,00;135838628,70;69,98;6791931,44;7,14;6513832,00;23699,00;7000,00;29,54;714555637,00;14685,87;5059749,00;31,38;-160733,70;"13056";-78321142,29;-77689205,29;21760001,00;99449206,29;77689205,29
"CA du Pays d'Aix en Provence (Capa)";13059;"Meyrargues";2212671,00;28,70;31,02;631976,00;2110271,00;27,11;31,02;572064,00;2050178,00;26,79;654606,06;4,85;10,47;232189,00;192627,00;39562,00;0,00;212103,00;184734,00;27369,00;86457,00;2019,00;;115722,00;2,21;2,78;2501,00;105830,00;1,87;2,78;1918,00;17255,00;20,23;3486,00;11858,00;20,23;2393,00;4256272,00;1,00;2,59;42505,00;3977001,00;0,20;2,59;7985,00;4889244,00;10,00;11,69;489381,00;4423786,00;9,44;11,69;417607,00;84305,00;"'2019+ecart connu entre 2020 et 2019";56829,00;"'2017-ecart connu entre 2017 et 2016";128369341,00;245717445,00;129240252,00;245793455,00;3912,00;3857,00;3807,00;3819,00;4209871,00;1076,14;-14,95;85,05;1074686,00;3239145,39;33,18;161957,27;15,07;389039,00;1643,00;183,00;11,14;60038155,00;15566,02;212103,00;26,79;93595,98;"13059";241973,19;241973,19;1038413,00;796439,81;-241973,19
"CA du Pays d'Aix en Provence (Capa)";13060;"Meyreuil";15416855,00;28,70;31,02;4420996,00;10756036,00;27,11;31,02;2915882,00;10510042,00;26,79;3336522,37;43,33;51,62;1311345,00;1018829,00;292516,00;0,00;920511,00;630400,00;290111,00;36122,00;;31026,00;68364,00;2,21;2,78;1448,00;62200,00;1,87;2,78;1080,00;45400,00;20,23;9169,00;39456,00;20,23;7968,00;16771156,00;1,00;2,59;167720,00;13269663,00;0,20;2,59;26642,00;9515818,00;9,76;11,69;928768,00;8753398,00;9,12;11,69;798322,00;39012,00;"'2019+ecart connu entre 2020 et 2019";32814,00;"'2017-ecart connu entre 2017 et 2016";128369341,00;245717445,00;129240252,00;245793455,00;5800,00;5756,00;5628,00;5363,00;9969799,00;1718,93;35,85;135,85;2863406,00;7986666,44;35,85;399333,32;13,95;899440,00;2348,00;240,00;10,22;117151467,00;20352,93;920511,00;26,79;652132,96;"13060";-3249368,00;-3221308,00;5816644,00;9037952,00;3221308,00
"CA du Pays d'Aix en Provence (Capa)";13062;"Mimet";739846,00;28,70;31,02;212236,00;803929,00;27,11;31,02;217919,00;783481,00;26,79;249378,78;-7,97;-2,61;125520,00;72838,00;52682,00;0,00;125833,00;68905,00;56928,00;30512,00;2019,00;;36699,00;2,21;2,78;716,00;30382,00;1,87;2,78;475,00;26742,00;20,23;5404,00;20624,00;20,23;4158,00;4903394,00;1,00;2,59;49029,00;4509768,00;0,20;2,59;9065,00;7170804,00;9,74;11,69;698458,00;6783148,00;9,09;11,69;616586,00;29575,00;"'2019+ecart connu entre 2020 et 2019";23760,00;"'2017-ecart connu entre 2017 et 2016";128369341,00;245717445,00;129240252,00;245793455,00;4599,00;4560,00;4726,00;4667,00;4808430,00;1045,54;-17,37;82,63;744417,00;4213896,70;17,67;210694,84;28,30;517437,00;1782,00;71,00;3,98;88904962,00;19496,70;125833,00;26,79;31295,49;"13062";399007,00;422069,50;403247,00;-18822,50;-422069,50
"SAN Ouest Provence";13063;"Miramas";8713827,00;32,89;31,02;2904620,00;6662681,00;34,05;31,02;2268376,00;6589112,00;34,37;2066763,65;30,79;28,05;934510,00;670614,00;262100,00;1796,00;636581,00;396249,00;240332,00;271078,00;;125432,00;115332,00;3,38;2,78;3857,00;134887,00;3,63;2,78;4856,00;74136,00;20,23;14987,00;94223,00;20,23;19056,00;25192204,00;3,39;2,59;854294,00;20900454,00;3,78;2,59;790054,00;22039288,00;12,23;11,69;2695420,00;20605243,00;12,41;11,69;2557083,00;83595,00;"'2019+ecart connu entre 2020 et 2019";71048,00;"'2017-ecart connu entre 2017 et 2016";128369341,00;245717445,00;129240252,00;245793455,00;26996,00;26827,00;26217,00;25403,00;48096275,00;1781,61;40,81;140,81;29451211,00;47464631,74;62,05;2373231,59;8,06;1796345,00;10972,00;3896,00;35,51;300991532,00;11219,72;636581,00;34,37;-291913,21;"13063";418062,40;534753,40;4208790,00;3674036,60;-534753,40
"CA Salon Etang de Berre Durance (Agglopole Provence)";13069;"Pélissanne";1347612,00;28,80;31,02;388145,00;1035679,00;27,28;31,02;282494,00;1033359,00;26,98;321267,63;30,12;37,40;144146,00;44479,00;99667,00;0,00;138924,00;55809,00;83115,00;41371,00;;;71624,00;2,80;2,78;1882,00;76099,00;2,76;2,78;1973,00;22896,00;20,23;4630,00;29209,00;20,23;5903,00;10346666,00;3,39;2,59;350686,00;9232148,00;3,78;2,59;348978,00;15913205,00;13,40;11,69;2132377,00;14570392,00;13,98;11,69;2036937,00;7988,00;"'2019+ecart connu entre 2020 et 2019";12591,00;"'2017-ecart connu entre 2017 et 2016";128369341,00;245717445,00;129240252,00;245793455,00;10649,00;10603,00;10474,00;10003,00;11542738,00;1083,93;-14,33;85,67;2212671,00;10500445,22;21,07;525022,26;23,73;1077851,00;4601,00;226,00;4,91;195901084,00;18476,01;138924,00;26,98;54443,52;"13069";1270737,96;1290202,82;586280,00;-703922,82;-1290202,82
"CA du Pays d'Aubagne et de l'Etoile (Capae)";13070;"La Penne-sur-Huveaune";1872982,00;32,87;31,02;619539,00;1944002,00;34,02;31,02;661419,00;1819120,00;34,33;603029,42;-3,65;-6,33;532196,00;340841,00;191355,00;0,00;410723,00;220132,00;190591,00;3407,00;2019,00;;10116,00;3,23;2,78;320,00;9420,00;3,42;2,78;317,00;7259,00;20,23;1464,00;6555,00;20,23;1327,00;7281342,00;1,00;2,59;72786,00;6741696,00;0,20;2,59;13574,00;9111295,00;9,83;11,69;895590,00;8516603,00;9,21;11,69;784353,00;21204,00;"'2019+ecart connu entre 2020 et 2019";18900,00;"'2017-ecart connu entre 2017 et 2016";128369341,00;245717445,00;129240252,00;245793455,00;6511,00;6495,00;6493,00;6320,00;7203900,00;1106,42;-12,56;87,44;1471155,00;8012673,03;18,36;400633,65;27,23;746869,00;2659,00;550,00;20,68;96420297,00;14845,31;410723,00;34,33;-61995,70;"13070";-391308,00;-391308,00;1177810,00;1569118,00;391308,00
"CA du Pays d'Aix en Provence (Capa)";13071;"Les Pennes-Mirabeau";12061862,00;28,70;31,02;3485745,00;11418943,00;27,11;31,02;3095554,00;10904670,00;26,79;3542156,12;5,63;12,60;2038066,00;1496181,00;541885,00;0,00;1726842,00;1282206,00;444636,00;550251,00;;720561,00;150196,00;2,21;2,78;3167,00;129779,00;1,87;2,78;2260,00;109299,00;20,23;22111,00;89754,00;20,23;18159,00;27822612,00;1,00;2,59;278308,00;25959920,00;0,20;2,59;52215,00;27746467,00;10,68;11,69;2963344,00;25693924,00;10,35;11,69;2659397,00;180431,00;"'2019+ecart connu entre 2020 et 2019";144994,00;"'2017-ecart connu entre 2017 et 2016";128369341,00;245717445,00;129240252,00;245793455,00;21400,00;21321,00;21637,00;20293,00;24890803,00;1163,12;-8,07;91,93;6644543,00;28110169,79;23,64;1405508,49;21,15;2745823,00;8983,00;584,00;6,50;359566462,00;16864,43;1726842,00;26,79;510216,76;"13071";-375062,30;254819,70;6276604,00;6021784,30;-254819,70
"CA du Pays d'Aix en Provence (Capa)";13072;"Peynier";1606986,00;28,70;31,02;462995,00;1547862,00;27,11;31,02;419605,00;2135143,00;26,79;480146,79;3,82;10,34;195051,00;139488,00;55563,00;0,00;189652,00;125678,00;63974,00;1801,00;2019,00;0,00;95467,00;2,21;2,78;2075,00;58304,00;1,87;2,78;1052,00;63870,00;20,23;12923,00;27034,00;20,23;5463,00;4871266,00;1,00;2,59;48712,00;4350747,00;0,20;2,59;8725,00;5767855,00;10,23;11,69;590040,00;5173154,00;9,75;11,69;504384,00;18034,00;"'2019+ecart connu entre 2020 et 2019";16191,00;"'2017-ecart connu entre 2017 et 2016";128369341,00;245717445,00;129240252,00;245793455,00;3693,00;3612,00;3538,00;3245,00;3979151,00;1077,48;-14,84;85,16;672698,00;3800066,25;17,70;190003,31;28,24;476747,00;1579,00;43,00;2,72;72055362,00;19948,88;189652,00;26,79;67975,51;"13072";154351,36;154351,36;690804,00;536452,64;-154351,36
"CA du Pays d'Aubagne et de l'Etoile (Capae)";13073;"Peypin";1390818,00;32,87;31,02;457137,00;1436985,00;34,02;31,02;488913,00;1397898,00;34,33;445752,75;-3,21;-6,50;160703,00;70571,00;90132,00;0,00;118778,00;38621,00;80157,00;0,00;2019,00;;26961,00;3,23;2,78;831,00;23219,00;3,42;2,78;759,00;21779,00;20,23;4401,00;18142,00;20,23;3669,00;5460748,00;1,00;2,59;54617,00;5043160,00;0,20;2,59;10119,00;7796981,00;11,06;11,69;862389,00;7199399,00;10,86;11,69;781839,00;37656,00;"'2019+ecart connu entre 2020 et 2019";30240,00;"'2017-ecart connu entre 2017 et 2016";128369341,00;245717445,00;129240252,00;245793455,00;5605,00;5570,00;5508,00;5494,00;4953470,00;883,76;-30,15;69,85;235587,00;5654655,74;4,17;282732,79;100,00;549294,00;2400,00;48,00;2,00;98862651,00;17749,13;118778,00;34,33;-46036,08;"13073";329699,80;333713,20;659897,00;326183,80;-333713,20
"CA du Pays d'Aix en Provence (Capa)";13074;"Peyrolles-en-Provence";2482205,00;28,70;31,02;712561,00;1994727,00;27,11;31,02;540745,00;1978443,00;26,79;618764,32;24,44;31,77;150914,00;114033,00;36881,00;0,00;150904,00;107450,00;43454,00;19195,00;2019,00;;80556,00;2,21;2,78;1741,00;70978,00;1,87;2,78;1285,00;16298,00;20,23;3296,00;9127,00;20,23;1847,00;5745784,00;1,00;2,59;57460,00;5195923,00;0,20;2,59;10415,00;6342581,00;10,39;11,69;658984,00;5855562,00;9,95;11,69;582612,00;29396,00;"'2019+ecart connu entre 2020 et 2019";6415,00;"'2017-ecart connu entre 2017 et 2016";128369341,00;245717445,00;129240252,00;245793455,00;5236,00;5194,00;5129,00;5054,00;5272220,00;1006,92;-20,42;79,58;1107447,00;4959318,29;22,33;247965,91;22,39;503030,00;2167,00;126,00;5,81;74209046,00;14287,46;150904,00;26,79;104997,27;"13074";-444104,46;-444104,46;915362,00;1359466,46;444104,46
"CU de Marseille Provence Métropole (Mpm)";13075;"Plan-de-Cuques";1619073,00;31,93;31,02;507339,00;1471487,00;32,46;31,02;477760,00;1441974,00;32,63;456455,27;10,03;6,19;216619,00;48140,00;166946,00;1533,00;194665,00;60185,00;134480,00;3034,00;2019,00;;28542,00;3,38;2,78;944,00;27497,00;3,63;2,78;986,00;18933,00;20,23;3830,00;18014,00;20,23;3640,00;13436839,00;3,39;2,59;455501,00;11901623,00;3,78;2,59;450054,00;19911599,00;11,83;11,69;2355544,00;17686677,00;11,88;11,69;2101126,00;33387,00;"'2019+ecart connu entre 2020 et 2019";26646,00;"'2017-ecart connu entre 2017 et 2016";128369341,00;245717445,00;129240252,00;245793455,00;11174,00;11044,00;10474,00;10797,00;12320873,00;1102,64;-12,86;87,14;346254,00;8218806,88;4,21;410940,34;100,00;1331439,00;5108,00;531,00;10,40;204282242,00;18497,12;194665,00;32,63;-26067,08;"13075";1122258,17;1124057,54;764209,00;-359848,54;-1124057,54
"CA du Pays de Martigues";13077;"Port-de-Bouc";3671257,00;31,24;31,02;1159072,00;3256705,00;31,31;31,02;1019784,00;3272073,00;31,38;1010229,89;12,73;13,66;981672,00;789690,00;190103,00;1879,00;816739,00;621161,00;195578,00;133597,00;2019,00;131306,00;75796,00;2,02;2,78;1502,00;82445,00;1,60;2,78;1294,00;65297,00;20,23;13206,00;72434,00;20,23;14656,00;15217958,00;1,00;2,59;152265,00;14185795,00;0,20;2,59;28532,00;17364423,00;10,07;11,69;1748717,00;16446515,00;9,53;11,69;1567420,00;131881,00;"'2019+ecart connu entre 2020 et 2019";120313,00;"'2017-ecart connu entre 2017 et 2016";128369341,00;245717445,00;129240252,00;245793455,00;16679,00;16638,00;17200,00;17576,00;25246327,00;1513,66;19,63;119,63;10878779,00;27681168,48;39,30;1384058,42;12,72;1866774,00;7482,00;2735,00;36,55;197177767,00;11851,05;816739,00;31,38;-13216,53;"13077";-3952193,67;-3868037,67;2419428,00;6287465,67;3868037,67
"SAN Ouest Provence";13078;"Port-Saint-Louis-du-Rhône";7819462,00;32,89;31,02;2576424,00;5173415,00;34,05;31,02;1761489,00;5274798,00;34,37;1604793,33;51,15;46,26;422921,00;340714,00;82207,00;0,00;307664,00;202666,00;104998,00;56927,00;;55568,00;262876,00;3,38;2,78;8884,00;270968,00;3,63;2,78;9830,00;104055,00;20,23;21052,00;119783,00;20,23;24234,00;14113242,00;3,39;2,59;476790,00;12151203,00;3,78;2,59;459344,00;9011961,00;12,98;11,69;1169770,00;8587344,00;13,41;11,69;1151482,00;211730,00;"'2019+ecart connu entre 2020 et 2019";169840,00;"'2017-ecart connu entre 2017 et 2016";128369341,00;245717445,00;129240252,00;245793455,00;8810,00;8533,00;8605,00;8667,00;14607911,00;1658,11;31,05;131,05;5876621,00;16341535,81;35,96;817076,79;13,90;836145,00;4310,00;1923,00;44,62;109163197,00;12793,06;307664,00;34,37;-261951,98;"13078";-60085,38;-12833,38;3289054,00;3301887,38;12833,38
"CA du Pays d'Aix en Provence (Capa)";13079;"Puyloubier";403915,00;28,70;31,02;115548,00;370859,00;27,11;31,02;100529,00;359757,00;26,79;115040,46;8,91;14,94;24985,00;6202,00;18783,00;0,00;30628,00;15458,00;15170,00;0,00;;0,00;128750,00;2,21;2,78;2821,00;122314,00;1,87;2,78;2260,00;6041,00;20,23;1222,00;5277,00;20,23;1067,00;1981011,00;1,00;2,59;19802,00;1817554,00;0,20;2,59;3640,00;2621703,00;10,92;11,69;286282,00;2391161,00;10,66;11,69;254891,00;29146,00;"'2019+ecart connu entre 2020 et 2019";29572,00;"'2017-ecart connu entre 2017 et 2016";128369341,00;245717445,00;129240252,00;245793455,00;1942,00;1895,00;1884,00;2014,00;2043294,00;1052,16;-16,84;83,16;412793,00;1831144,30;22,54;91557,22;22,18;193900,00;749,00;13,00;1,74;33090044,00;17461,76;30628,00;26,79;17085,60;"13079";245336,63;245336,63;170901,00;-74435,63;-245336,63
"CA du Pays d'Aix en Provence (Capa)";13080;"Le Puy-Sainte-Réparade";2320876,00;28,70;31,02;666500,00;1370028,00;27,11;31,02;371376,00;1694351,00;26,79;424982,69;69,40;79,47;228822,00;152230,00;76592,00;0,00;171823,00;103412,00;68411,00;1389,00;2019,00;;209329,00;2,21;2,78;4571,00;192440,00;1,87;2,78;3560,00;27307,00;20,23;5526,00;18635,00;20,23;3766,00;6494850,00;1,00;2,59;64959,00;5639510,00;0,20;2,59;11339,00;7377235,00;9,40;11,69;693442,00;6822164,00;8,63;11,69;588740,00;46550,00;"'2019+ecart connu entre 2020 et 2019";11803,00;"'2017-ecart connu entre 2017 et 2016";128369341,00;245717445,00;129240252,00;245793455,00;5876,00;5811,00;5738,00;5491,00;6054035,00;1030,30;-18,57;81,43;1197644,00;4872516,83;24,58;243625,84;20,34;591148,00;2267,00;311,00;13,72;94524497,00;16266,48;171823,00;26,79;98173,05;"13080";386108,86;387364,69;948787,00;561422,31;-387364,69
"CA Salon Etang de Berre Durance (Agglopole Provence)";13081;"Rognac";8760440,00;28,80;31,02;2528541,00;9056880,00;27,28;31,02;2470683,00;8874648,00;26,98;2809444,18;-3,27;2,34;1351458,00;1114385,00;237073,00;0,00;1224337,00;1020586,00;203751,00;113542,00;;107015,00;69721,00;2,80;2,78;1908,00;72306,00;2,76;2,78;1946,00;59617,00;20,23;12061,00;62167,00;20,23;12575,00;20395215,00;3,39;2,59;691024,00;18563805,00;3,78;2,59;701647,00;18160460,00;12,25;11,69;2224572,00;16924686,00;12,44;11,69;2105473,00;197907,00;"'2019+ecart connu entre 2020 et 2019";182713,00;"'2017-ecart connu entre 2017 et 2016";128369341,00;245717445,00;129240252,00;245793455,00;12345,00;12330,00;12121,00;11811,00;20404796,00;1652,88;30,63;130,63;8955623,00;19275262,83;46,46;963763,14;10,76;1673256,00;5231,00;535,00;10,23;195622838,00;15865,60;1224337,00;26,98;353921,77;"13081";-1960824,52;-1872159,52;4203509,00;6075668,52;1872159,52
"CA du Pays d'Aix en Provence (Capa)";13082;"Rognes";856089,00;28,70;31,02;236870,00;710214,00;27,11;31,02;192499,00;722512,00;26,79;220308,38;20,54;23,05;64422,00;20440,00;43982,00;0,00;51351,00;18462,00;32889,00;0,00;;0,00;104533,00;2,21;2,78;2214,00;107007,00;1,87;2,78;1909,00;18776,00;20,23;3792,00;24960,00;20,23;5040,00;5880300,00;1,00;2,59;58777,00;5359004,00;0,20;2,59;10764,00;8843913,00;10,75;11,69;950735,00;8554987,00;10,44;11,69;893133,00;21304,00;"'2019+ecart connu entre 2020 et 2019";25254,00;"'2017-ecart connu entre 2017 et 2016";128369341,00;245717445,00;129240252,00;245793455,00;4989,00;4862,00;4898,00;4804,00;5315871,00;1065,52;-15,79;84,21;642338,00;4590262,93;13,99;229513,15;35,73;630016,00;2120,00;53,00;2,50;98528700,00;20265,06;51351,00;26,79;36212,56;"13082";650661,06;650661,06;326388,00;-324273,06;-650661,06
"CA du Pays d'Aix en Provence (Capa)";13084;"La Roque-d'Anthéron";1971499,00;28,70;31,02;568264,00;1768485,00;27,11;31,02;479412,00;1722465,00;26,79;548584,05;11,48;18,53;172669,00;100865,00;71804,00;0,00;145673,00;79638,00;66035,00;35226,00;2019,00;32326,00;115831,00;2,21;2,78;2541,00;114658,00;1,87;2,78;2126,00;8581,00;20,23;1739,00;10389,00;20,23;2105,00;5736671,00;1,00;2,59;57328,00;5234828,00;0,20;2,59;10514,00;5659254,00;10,16;11,69;574963,00;5373111,00;9,66;11,69;519036,00;36662,00;"'2019+ecart connu entre 2020 et 2019";34526,00;"'2017-ecart connu entre 2017 et 2016";128369341,00;245717445,00;129240252,00;245793455,00;5811,00;5563,00;5555,00;5514,00;6035289,00;1038,60;-17,92;82,08;1387151,00;6063819,98;22,88;303191,00;21,86;533786,00;2112,00;326,00;15,44;66701560,00;11990,21;145673,00;26,79;83394,41;"13084";138052,08;157778,75;814560,00;656781,25;-157778,75
"CU de Marseille Provence Métropole (Mpm)";13085;"Roquefort-la-Bédoule";1942806,00;31,93;31,02;614837,00;1434894,00;32,46;31,02;465825,00;1776951,00;32,63;445104,12;35,40;31,99;381293,00;225368,00;155925,00;0,00;261921,00;129613,00;132308,00;0,00;;0,00;48636,00;3,38;2,78;1616,00;51247,00;3,63;2,78;1834,00;28192,00;20,23;5702,00;31560,00;20,23;6388,00;6736822,00;3,39;2,59;228657,00;5667559,00;3,78;2,59;214195,00;8553451,00;13,39;11,69;1145301,00;7357472,00;13,96;11,69;1027065,00;64526,00;"'2019+ecart connu entre 2020 et 2019";54386,00;"'2017-ecart connu entre 2017 et 2016";128369341,00;245717445,00;129240252,00;245793455,00;5812,00;5759,00;5704,00;5412,00;5549200,00;954,78;-24,54;75,46;279899,00;4828502,93;5,80;241425,15;86,25;775082,00;2434,00;293,00;12,04;101661457,00;17652,62;261921,00;32,63;-31279,18;"13085";212422,13;212422,13;1066358,00;853935,87;-212422,13
"CA du Pays d'Aubagne et de l'Etoile (Capae)";13086;"Roquevaire";1575211,00;32,87;31,02;522624,00;1633138,00;34,02;31,02;555721,00;1534291,00;34,33;506599,41;-3,55;-5,96;275837,00;164380,00;111457,00;0,00;188191,00;78554,00;109637,00;75915,00;;72015,00;69391,00;3,23;2,78;2116,00;66389,00;3,42;2,78;2153,00;28054,00;20,23;5681,00;26378,00;20,23;5358,00;8644928,00;1,00;2,59;86496,00;7813745,00;0,20;2,59;15695,00;12874887,00;10,72;11,69;1380194,00;11899845,00;10,40;11,69;1237584,00;33923,00;"'2019+ecart connu entre 2020 et 2019";26623,00;"'2017-ecart connu entre 2017 et 2016";128369341,00;245717445,00;129240252,00;245793455,00;9306,00;9145,00;9101,00;8911,00;8389830,00;901,55;-28,75;71,25;234027,00;9655082,92;2,42;482754,15;100,00;898893,00;4133,00;320,00;7,74;171086123,00;18708,16;188191,00;34,33;-52139,48;"13086";716232,00;756876,00;913980,00;157104,00;-756876,00
"CA du Pays d'Aix en Provence (Capa)";13087;"Rousset";15369789,00;28,70;31,02;4409913,00;12398099,00;27,11;31,02;3361086,00;12109712,00;26,79;3845890,31;23,97;31,21;2529986,00;2363088,00;166898,00;0,00;1795153,00;1642911,00;152242,00;48987,00;2019,00;;105633,00;2,21;2,78;2319,00;162144,00;1,87;2,78;2995,00;37296,00;20,23;7533,00;95888,00;20,23;19394,00;20826016,00;1,00;2,59;208103,00;17818339,00;0,20;2,59;35796,00;6661786,00;9,83;11,69;654850,00;5928278,00;9,21;11,69;545973,00;155594,00;"'2019+ecart connu entre 2020 et 2019";128561,00;"'2017-ecart connu entre 2017 et 2016";128369341,00;245717445,00;129240252,00;245793455,00;5174,00;4971,00;4912,00;4741,00;14987587,00;2896,71;128,94;228,94;8153617,00;14960220,39;54,50;748011,02;9,17;670267,00;2163,00;358,00;16,55;84565923,00;17011,85;1795153,00;26,79;650142,07;"13087";-64638260,04;-64607002,54;7152013,00;71759015,54;64607002,54
"CU de Marseille Provence Métropole (Mpm)";13088;"Le Rove";1081183,00;31,93;31,02;340102,00;926917,00;32,46;31,02;300940,00;868411,00;32,63;287529,65;16,64;13,01;142299,00;55742,00;86557,00;0,00;183685,00;97385,00;86300,00;14857,00;2019,00;;24095,00;3,38;2,78;797,00;24450,00;3,63;2,78;869,00;23021,00;20,23;4661,00;23404,00;20,23;4736,00;5962938,00;3,39;2,59;203400,00;5306877,00;3,78;2,59;200626,00;8325844,00;11,94;11,69;994127,00;7810689,00;12,03;11,69;939634,00;33288,00;"'2019+ecart connu entre 2020 et 2019";28829,00;"'2017-ecart connu entre 2017 et 2016";128369341,00;245717445,00;129240252,00;245793455,00;5333,00;5172,00;5168,00;4603,00;5100258,00;956,36;-24,42;75,58;317427,00;4592836,00;6,91;229641,80;72,34;610077,00;2456,00;252,00;10,26;87736789,00;16963,80;183685,00;32,63;-17407,05;"13088";179543,68;189232,64;535207,00;345974,36;-189232,64
"CA du Pays d'Aix en Provence (Capa)";13090;"Saint-Antonin-sur-Bayon";26590,00;28,70;31,02;7632,00;18540,00;27,11;31,02;5024,00;19885,00;26,79;5751,11;43,42;51,91;5974,00;3310,00;2664,00;0,00;16873,00;14616,00;2257,00;0,00;;0,00;9564,00;2,21;2,78;206,00;9107,00;1,87;2,78;167,00;574,00;20,23;117,00;544,00;20,23;109,00;267731,00;1,00;2,59;2677,00;254263,00;0,20;2,59;508,00;418535,00;10,61;11,69;44410,00;421886,00;10,25;11,69;43243,00;11759,00;"'2019+ecart connu entre 2020 et 2019";8951,00;"'2017-ecart connu entre 2017 et 2016";128369341,00;245717445,00;129240252,00;245793455,00;151,00;128,00;127,00;131,00;474976,00;3145,54;148,60;248,60;289737,00;402557,17;71,97;20127,86;6,95;28493,00;74,00;0,00;0,00;3321831,00;25951,80;16873,00;26,79;1124,76;"13090";35104,00;35104,00;25482,00;-9622,00;-35104,00
"CA du Pays d'Aix en Provence (Capa)";13091;"Saint-Cannat";1547561,00;28,70;31,02;437730,00;1428392,00;27,11;31,02;387191,00;1400690,00;26,79;443087,20;8,34;13,05;297410,00;145857,00;151553,00;0,00;257129,00;133755,00;123374,00;7445,00;2019,00;0,00;121338,00;2,21;2,78;2564,00;118636,00;1,87;2,78;2130,00;30311,00;20,23;6115,00;31190,00;20,23;6317,00;6591488,00;1,00;2,59;65860,00;5802378,00;0,20;2,59;11672,00;8779342,00;9,85;11,69;864780,00;7933234,00;9,24;11,69;733023,00;26740,00;"'2019+ecart connu entre 2020 et 2019";26298,00;"'2017-ecart connu entre 2017 et 2016";128369341,00;245717445,00;129240252,00;245793455,00;5850,00;5749,00;5709,00;5520,00;5904252,00;1009,27;-20,23;79,77;760640,00;5313032,95;14,32;265651,65;34,92;702690,00;2518,00;184,00;7,31;110286143,00;19183,54;257129,00;26,79;65461,83;"13091";255642,88;255642,88;775440,00;519797,12;-255642,88
"CA Salon Etang de Berre Durance (Agglopole Provence)";13092;"Saint-Chamas";2173425,00;28,80;31,02;623302,00;1731603,00;27,28;31,02;472342,00;1465143,00;26,98;537143,25;25,52;31,96;245874,00;167638,00;78236,00;0,00;176924,00;99339,00;77585,00;26629,00;2019,00;;63530,00;2,80;2,78;1725,00;73493,00;2,76;2,78;1961,00;31155,00;20,23;6304,00;42590,00;20,23;8618,00;8130156,00;3,39;2,59;276541,00;7517127,00;3,78;2,59;284122,00;10423471,00;13,76;11,69;1434268,00;9343598,00;14,45;11,69;1350161,00;80084,00;"'2019+ecart connu entre 2020 et 2019";75597,00;"'2017-ecart connu entre 2017 et 2016";128369341,00;245717445,00;129240252,00;245793455,00;8771,00;8699,00;8619,00;8232,00;9917782,00;1130,75;-10,63;89,37;2862904,00;10986442,65;26,06;549322,13;19,19;793379,00;3903,00;423,00;10,84;131246643,00;15087,56;176924,00;26,98;87806,37;"13092";512181,77;524480,69;982193,00;457712,31;-524480,69
"CA du Pays d'Aix en Provence (Capa)";13093;"Saint-Estève-Janson";597550,00;28,70;31,02;171506,00;638407,00;27,11;31,02;173070,00;515759,00;26,79;198033,85;-6,40;-0,90;20250,00;13561,00;6689,00;0,00;16845,00;12854,00;3991,00;0,00;;0,00;15891,00;2,21;2,78;344,00;15277,00;1,87;2,78;278,00;525,00;20,23;105,00;654,00;20,23;132,00;819108,00;1,00;2,59;8180,00;765274,00;0,20;2,59;1532,00;493588,00;9,57;11,69;47241,00;453855,00;8,86;11,69;40217,00;123117,00;"'2019+ecart connu entre 2020 et 2019";99530,00;"'2017-ecart connu entre 2017 et 2016";128369341,00;245717445,00;129240252,00;245793455,00;397,00;389,00;389,00;364,00;805622,00;2029,27;60,38;160,38;416251,00;730484,13;56,98;36524,21;8,77;39066,00;156,00;0,00;0,00;6538476,00;16808,42;16845,00;26,79;25276,36;"13093";-66779,38;-66779,38;314978,00;381757,38;66779,38
"CA du Pays d'Aix en Provence (Capa)";13095;"Saint-Marc-Jaumegarde";691314,00;28,70;31,02;198480,00;647418,00;27,11;31,02;175501,00;645190,00;26,79;200829,06;6,78;13,09;36459,00;23911,00;12548,00;0,00;44571,00;28869,00;15702,00;0,00;;0,00;22347,00;2,21;2,78;470,00;18301,00;1,87;2,78;320,00;17932,00;20,23;3632,00;13930,00;20,23;2813,00;2921380,00;1,00;2,59;29219,00;2545695,00;0,20;2,59;5108,00;4034206,00;8,90;11,69;359041,00;3593387,00;7,98;11,69;286753,00;19432,00;"'2019+ecart connu entre 2020 et 2019";17167,00;"'2017-ecart connu entre 2017 et 2016";128369341,00;245717445,00;129240252,00;245793455,00;1344,00;1293,00;1268,00;1200,00;2303300,00;1713,76;35,44;135,44;592130,00;1852589,42;31,96;92629,47;15,64;260926,00;498,00;0,00;0,00;44759716,00;34616,95;44571,00;26,79;29242,58;"13095";231922,65;231922,65;258003,00;26080,35;-231922,65
"CA du Pays de Martigues";13098;"Saint-Mitre-les-Remparts";1395252,00;31,24;31,02;431809,00;1085592,00;31,31;31,02;339931,00;1035776,00;31,38;336750,64;28,52;27,03;224359,00;117262,00;107097,00;0,00;156263,00;58305,00;97958,00;124571,00;;140010,00;34007,00;2,02;2,78;640,00;33201,00;1,60;2,78;478,00;20924,00;20,23;4233,00;20569,00;20,23;4161,00;6793254,00;1,00;2,59;67926,00;6245537,00;0,20;2,59;12533,00;9037095,00;9,74;11,69;880234,00;8400438,00;9,09;11,69;763616,00;32958,00;"'2019+ecart connu entre 2020 et 2019";27036,00;"'2017-ecart connu entre 2017 et 2016";128369341,00;245717445,00;129240252,00;245793455,00;6000,00;5947,00;5983,00;5996,00;7593907,00;1265,65;0,03;100,03;1920499,00;6938565,01;27,68;346928,25;18,06;796740,00;2787,00;145,00;5,20;112031493,00;18838,32;156263,00;31,38;-5022,91;"13098";391165,97;481715,97;817930,00;336214,03;-481715,97
"CA du Pays d'Aix en Provence (Capa)";13099;"Saint-Paul-lès-Durance";2012361,00;28,70;31,02;575764,00;2187147,00;27,11;31,02;592928,00;1922606,00;26,79;678453,00;-7,99;-2,89;921735,00;888610,00;33125,00;0,00;658829,00;608665,00;50164,00;0,00;;0,00;14999,00;2,21;2,78;317,00;11441,00;1,87;2,78;199,00;8049,00;20,23;1628,00;4822,00;20,23;977,00;2359367,00;1,00;2,59;23607,00;2244964,00;0,20;2,59;4495,00;1087093,00;10,25;11,69;111412,00;996930,00;9,78;11,69;97484,00;94900,00;"'2019+ecart connu entre 2020 et 2019";35715,00;"'2017-ecart connu entre 2017 et 2016";128369341,00;245717445,00;129240252,00;245793455,00;1138,00;888,00;872,00;957,00;2493404,00;2191,04;73,16;173,16;1491128,00;2281687,70;65,35;114084,39;7,65;145136,00;517,00;21,00;4,06;12245140,00;13789,57;658829,00;26,79;85122,87;"13099";-1171909,56;-1171909,56;1594027,00;2765936,56;1171909,56
"CA du Pays d'Aubagne et de l'Etoile (Capae)";13101;"Saint-Savournin";309887,00;32,87;31,02;102253,00;327256,00;34,02;31,02;111367,00;300447,00;34,33;101514,81;-5,31;-8,18;31551,00;8654,00;22897,00;0,00;40061,00;17083,00;22978,00;19752,00;2019,00;;12699,00;3,23;2,78;390,00;14631,00;3,42;2,78;478,00;9514,00;20,23;1921,00;11478,00;20,23;2316,00;2891027,00;1,00;2,59;28930,00;2570650,00;0,20;2,59;5182,00;4503920,00;11,08;11,69;499020,00;3962613,00;10,88;11,69;431138,00;5799,00;"'2019+ecart connu entre 2020 et 2019";4860,00;"'2017-ecart connu entre 2017 et 2016";128369341,00;245717445,00;129240252,00;245793455,00;3436,00;3417,00;3393,00;3297,00;2756604,00;802,27;-36,59;63,41;-50231,00;2609546,37;-1,92;130477,32;0,00;294556,00;1458,00;10,00;0,69;59895844,00;17528,78;40061,00;34,33;-10257,26;"13101";318939,00;333455,07;161276,00;-172179,07;-333455,07
"CU de Marseille Provence Métropole (Mpm)";13102;"Saint-Victoret";2707602,00;31,93;31,02;870055,00;2223061,00;32,46;31,02;721686,00;2131020,00;32,63;689593,52;21,80;20,56;650960,00;444516,00;206444,00;0,00;528472,00;378478,00;149994,00;101756,00;;62832,00;30317,00;3,38;2,78;998,00;25941,00;3,63;2,78;920,00;21667,00;20,23;4379,00;17298,00;20,23;3498,00;7321233,00;3,39;2,59;248083,00;6784804,00;3,78;2,59;256473,00;7012089,00;13,70;11,69;960650,00;6746113,00;14,37;11,69;969409,00;65714,00;"'2019+ecart connu entre 2020 et 2019";61055,00;"'2017-ecart connu entre 2017 et 2016";128369341,00;245717445,00;129240252,00;245793455,00;6705,00;6684,00;6647,00;6641,00;6540593,00;975,48;-22,90;77,10;898689,00;6464380,01;13,90;323219,00;35,97;695301,00;2668,00;147,00;5,51;91017880,00;13617,28;528472,00;32,63;-43592,39;"13102";8539,45;73823,45;1692864,00;1619040,55;-73823,45
"CA Salon Etang de Berre Durance (Agglopole Provence)";13103;"Salon-de-Provence";16826164,00;28,80;31,02;4829225,00;13297004,00;27,28;31,02;3627248,00;13185267,00;26,98;4124730,64;26,54;33,14;2735762,00;1915552,00;820000,00;210,00;1994052,00;1274195,00;719857,00;872286,00;;853062,00;353722,00;2,80;2,78;9804,00;319926,00;2,76;2,78;8701,00;114426,00;20,23;23136,00;88393,00;20,23;17872,00;49796423,00;3,39;2,59;1690637,00;45088502,00;3,78;2,59;1704428,00;54962664,00;11,86;11,69;6518573,00;52781714,00;11,92;11,69;6291585,00;227696,00;"'2019+ecart connu entre 2020 et 2019";222685,00;"'2017-ecart connu entre 2017 et 2016";128369341,00;245717445,00;129240252,00;245793455,00;46439,00;46110,00;46225,00;44966,00;61355548,00;1321,21;4,42;104,42;19340669,00;69206326,25;27,95;3460316,31;17,89;5064169,00;20704,00;4338,00;20,95;652039216,00;14140,95;1994052,00;26,98;679777,02;"13103";953233,77;1637063,77;8688105,00;7051041,23;-1637063,77
"CU de Marseille Provence Métropole (Mpm)";13104;"Sausset-les-Pins";1100386,00;31,93;31,02;346193,00;962361,00;32,46;31,02;312470,00;952339,00;32,63;298524,38;14,34;10,79;130758,00;45130,00;85628,00;0,00;80950,00;16871,00;64079,00;30393,00;2019,00;;36399,00;3,38;2,78;1216,00;37119,00;3,63;2,78;1332,00;34065,00;20,23;6890,00;34894,00;20,23;7055,00;10334148,00;3,39;2,59;350396,00;9541019,00;3,78;2,59;360552,00;16075024,00;12,60;11,69;2025452,00;15198619,00;12,91;11,69;1962131,00;25192,00;"'2019+ecart connu entre 2020 et 2019";20077,00;"'2017-ecart connu entre 2017 et 2016";128369341,00;245717445,00;129240252,00;245793455,00;9017,00;7712,00;7754,00;7792,00;8382103,00;929,59;-26,53;73,47;-134449,00;9251319,03;-1,45;462565,95;0,00;1224077,00;5000,00;226,00;4,52;172380754,00;22352,28;80950,00;32,63;-17716,21;"13104";1144491,83;1161012,34;539426,00;-621586,34;-1161012,34
"CA Salon Etang de Berre Durance (Agglopole Provence)";13105;"Sénas";2557799,00;28,80;31,02;739831,00;2432184,00;27,28;31,02;663476,00;2522972,00;26,98;754463,48;5,16;11,51;211798,00;125261,00;85723,00;814,00;226812,00;151691,00;75121,00;49583,00;;54345,00;376846,00;2,80;2,78;10520,00;367167,00;2,76;2,78;10103,00;15958,00;20,23;3225,00;24194,00;20,23;4896,00;7273527,00;3,39;2,59;247893,00;6839438,00;3,78;2,59;258543,00;8618154,00;13,57;11,69;1169495,00;7778841,00;14,20;11,69;1104543,00;15175,00;"'2019+ecart connu entre 2020 et 2019";10682,00;"'2017-ecart connu entre 2017 et 2016";128369341,00;245717445,00;129240252,00;245793455,00;7098,00;7052,00;7096,00;6977,00;8504881,00;1198,21;-5,30;94,70;2718792,00;9277070,42;29,31;463853,52;17,06;671531,00;2954,00;342,00;11,58;94400761,00;13386,38;226812,00;26,98;103335,08;"13105";120131,70;176421,70;1019612,00;843190,30;-176421,70
"CU de Marseille Provence Métropole (Mpm)";13106;"Septèmes-les-Vallons";3094654,00;31,93;31,02;993404,00;1607718,00;32,46;31,02;521954,00;1634151,00;32,63;498714,12;92,49;90,32;292197,00;149731,00;142146,00;320,00;274727,00;138661,00;136066,00;38151,00;2019,00;;28538,00;3,38;2,78;933,00;29216,00;3,63;2,78;1025,00;24577,00;20,23;4973,00;25265,00;20,23;5114,00;10891387,00;3,39;2,59;369170,00;9015164,00;3,78;2,59;340722,00;12749434,00;12,64;11,69;1611497,00;12241443,00;12,95;11,69;1585302,00;190735,00;"'2019+ecart connu entre 2020 et 2019";178313,00;"'2017-ecart connu entre 2017 et 2016";128369341,00;245717445,00;129240252,00;245793455,00;11118,00;11094,00;10933,00;10781,00;10915045,00;981,75;-22,41;77,59;1468207,00;13664255,04;10,74;683212,75;46,53;968314,00;4680,00;691,00;14,76;153020393,00;13793,08;274727,00;32,63;-49823,93;"13106";-597116,83;-574972,35;1519460,00;2094432,35;574972,35
"CA du Pays d'Aix en Provence (Capa)";13107;"Simiane-Collongue";823451,00;28,70;31,02;233761,00;745700,00;27,11;31,02;202119,00;688621,00;26,79;231316,14;10,43;15,66;83964,00;28599,00;55365,00;0,00;70101,00;25659,00;44442,00;0,00;;0,00;45403,00;2,21;2,78;933,00;43695,00;1,87;2,78;736,00;29370,00;20,23;5934,00;27717,00;20,23;5601,00;5535605,00;1,00;2,59;55359,00;5004413,00;0,20;2,59;10055,00;8654755,00;9,70;11,69;839540,00;7738348,00;9,04;11,69;699558,00;31452,00;"'2019+ecart connu entre 2020 et 2019";24601,00;"'2017-ecart connu entre 2017 et 2016";128369341,00;245717445,00;129240252,00;245793455,00;5708,00;5687,00;5652,00;5572,00;5998976,00;1050,98;-16,94;83,06;1140391,00;5648010,69;20,19;282400,53;24,76;601452,00;2332,00;159,00;6,82;111835256,00;19665,07;70101,00;26,79;34831,98;"13107";-194040,55;-194040,55;355111,00;549151,55;194040,55
"CA du Pays d'Aix en Provence (Capa)";13109;"Le Tholonet";2107741,00;28,70;31,02;604566,00;1427121,00;27,11;31,02;386857,00;1551862,00;26,79;442692,93;47,69;56,28;536993,00;411230,00;125315,00;448,00;146132,00;66248,00;79884,00;41198,00;;30863,00;29200,00;2,21;2,78;619,00;29731,00;1,87;2,78;531,00;16971,00;20,23;3427,00;17628,00;20,23;3575,00;5439013,00;1,00;2,59;54377,00;4824744,00;0,20;2,59;9731,00;6858723,00;9,58;11,69;657060,00;6170571,00;8,87;11,69;547329,00;17459,00;"'2019+ecart connu entre 2020 et 2019";13655,00;"'2017-ecart connu entre 2017 et 2016";128369341,00;245717445,00;129240252,00;245793455,00;2429,00;2362,00;2402,00;2383,00;3643331,00;1499,93;18,54;118,54;537501,00;2746367,56;19,57;137318,38;25,55;570911,00;1071,00;38,00;3,55;87934791,00;37228,95;146132,00;26,79;89157,44;"13109";301982,00;321854,00;1203643,00;881789,00;-321854,00
"CA du Pays d'Aix en Provence (Capa)";13110;"Trets";2407075,00;28,70;31,02;689825,00;2217051,00;27,11;31,02;600971,00;2245020,00;26,79;687729,22;8,57;14,79;322694,00;122628,00;200066,00;0,00;277147,00;130665,00;146482,00;104216,00;;108065,00;212741,00;2,21;2,78;4636,00;182689,00;1,87;2,78;3303,00;55766,00;20,23;11264,00;29558,00;20,23;5972,00;10868274,00;1,00;2,59;108613,00;9776217,00;0,20;2,59;19629,00;14733690,00;11,02;11,69;1623681,00;13515725,00;10,80;11,69;1459686,00;18630,00;"'2019+ecart connu entre 2020 et 2019";15081,00;"'2017-ecart connu entre 2017 et 2016";128369341,00;245717445,00;129240252,00;245793455,00;10942,00;10775,00;11076,00;10908,00;10764995,00;983,82;-22,25;77,75;1376451,00;11752603,82;11,71;587630,19;42,69;1188251,00;4741,00;304,00;6,41;185819546,00;17245,43;277147,00;26,79;101819,27;"13110";982364,34;1087999,34;1146629,00;58629,66;-1087999,34
"CA du Pays d'Aix en Provence (Capa)";13111;"Vauvenargues";257856,00;28,70;31,02;73332,00;232556,00;27,11;31,02;63041,00;221383,00;26,79;72138,87;10,88;16,32;26660,00;14431,00;12229,00;0,00;23055,00;12080,00;10975,00;0,00;;0,00;8443,00;2,21;2,78;155,00;8294,00;1,87;2,78;125,00;2016,00;20,23;407,00;2144,00;20,23;430,00;1361074,00;1,00;2,59;13629,00;1237753,00;0,20;2,59;2491,00;2023622,00;9,87;11,69;199734,00;1778038,00;9,26;11,69;164641,00;10323,00;"'2019+ecart connu entre 2020 et 2019";9180,00;"'2017-ecart connu entre 2017 et 2016";128369341,00;245717445,00;129240252,00;245793455,00;1103,00;1033,00;1034,00;1063,00;1272116,00;1153,32;-8,85;91,15;282624,00;1079553,77;26,18;53977,69;19,10;145817,00;464,00;0,00;0,00;21360361,00;20677,99;23055,00;26,79;10907,31;"13111";130237,00;130237,00;110722,00;-19515,00;-130237,00
"CA Salon Etang de Berre Durance (Agglopole Provence)";13112;"Velaux";2550369,00;28,80;31,02;727731,00;2303303,00;27,28;31,02;628306,00;2220833,00;26,98;714484,59;10,73;15,82;481394,00;302957,00;177835,00;602,00;385770,00;226401,00;159369,00;54298,00;;;39153,00;2,80;2,78;1037,00;55080,00;2,76;2,78;1462,00;19278,00;20,23;3890,00;36495,00;20,23;7392,00;9501672,00;3,39;2,59;322669,00;8581755,00;3,78;2,59;324385,00;12362562,00;11,96;11,69;1478596,00;11463136,00;12,06;11,69;1382500,00;33990,00;"'2019+ecart connu entre 2020 et 2019";32092,00;"'2017-ecart connu entre 2017 et 2016";128369341,00;245717445,00;129240252,00;245793455,00;8909,00;8842,00;8937,00;9110,00;10829740,00;1215,60;-3,93;96,07;3108425,00;10074750,65;30,85;503737,53;16,21;937244,00;3728,00;258,00;6,92;170816908,00;19318,81;385770,00;26,98;103034,91;"13112";282686,65;298775,84;1301303,00;1002527,16;-298775,84
"CA du Pays d'Aix en Provence (Capa)";13113;"Venelles";3594123,00;28,70;31,02;1030842,00;3449371,00;27,11;31,02;935036,00;3293367,00;26,79;1069994,88;4,20;10,25;692109,00;444042,00;246864,00;1203,00;474470,00;253966,00;220504,00;162312,00;;137766,00;51360,00;2,21;2,78;1074,00;44235,00;1,87;2,78;772,00;27591,00;20,23;5565,00;20523,00;20,23;4147,00;11343637,00;1,00;2,59;113465,00;10545148,00;0,20;2,59;21148,00;14222296,00;10,88;11,69;1547425,00;13321330,00;10,62;11,69;1414702,00;29433,00;"'2019+ecart connu entre 2020 et 2019";22555,00;"'2017-ecart connu entre 2017 et 2016";128369341,00;245717445,00;129240252,00;245793455,00;8637,00;8568,00;8539,00;8580,00;9859399,00;1141,53;-9,78;90,22;1789732,00;9845910,04;18,18;492295,50;27,51;1181106,00;3870,00;198,00;5,12;182474132,00;21297,17;474470,00;26,79;152031,40;"13113";572673,48;674319,48;1920261,00;1245941,52;-674319,48
"CA du Pays d'Aix en Provence (Capa)";13114;"Ventabren";1451976,00;28,70;31,02;415766,00;817184,00;27,11;31,02;221484,00;1219946,00;26,79;253490,48;77,68;87,72;114157,00;35327,00;78830,00;0,00;91445,00;40627,00;50818,00;46675,00;2019,00;;65414,00;2,21;2,78;1362,00;63266,00;1,87;2,78;1114,00;36544,00;20,23;7396,00;34883,00;20,23;7024,00;8099102,00;1,00;2,59;80972,00;6949346,00;0,20;2,59;13949,00;13562032,00;10,59;11,69;1436207,00;11994487,00;10,22;11,69;1225839,00;26417,00;"'2019+ecart connu entre 2020 et 2019";28545,00;"'2017-ecart connu entre 2017 et 2016";128369341,00;245717445,00;129240252,00;245793455,00;5718,00;5604,00;5498,00;4985,00;6682527,00;1168,68;-7,64;92,36;567658,00;6184124,15;9,18;309206,21;54,47;866410,00;2375,00;0,00;0,00;147895466,00;26391,05;91445,00;26,79;61418,58;"13114";950681,61;987689,11;610411,00;-377278,11;-987689,11
"CA Salon Etang de Berre Durance (Agglopole Provence)";13115;"Vernègues";195428,00;28,80;31,02;56567,00;119873,00;27,28;31,02;32696,00;106458,00;26,98;37184,60;63,03;73,01;36758,00;21098,00;15660,00;0,00;10762,00;5038,00;5724,00;0,00;;0,00;64561,00;2,80;2,78;1786,00;61677,00;2,76;2,78;1674,00;24161,00;20,23;4886,00;22618,00;20,23;4571,00;1813696,00;3,39;2,59;61403,00;1411382,00;3,78;2,59;53348,00;2856088,00;13,37;11,69;381856,00;2288950,00;13,93;11,69;318854,00;14927,00;"'2019+ecart connu entre 2020 et 2019";15660,00;"'2017-ecart connu entre 2017 et 2016";128369341,00;245717445,00;129240252,00;245793455,00;1908,00;1882,00;1775,00;1607,00;2095699,00;1098,37;-13,19;86,81;516668,00;1588335,93;32,53;79416,80;15,37;185027,00;785,00;10,00;1,27;28844541,00;15326,54;10762,00;26,98;7895,29;"13115";162773,00;162773,00;113138,00;-49635,00;-162773,00
"CA du Pays d'Aix en Provence (Capa)";13117;"Vitrolles";42391899,00;28,70;31,02;12110607,00;36125970,00;27,11;31,02;9793534,00;36800869,00;26,79;11206275,89;17,34;23,66;7979384,00;6931983,00;1043861,00;3540,00;7554737,00;6535181,00;1019556,00;1125946,00;;1142051,00;163992,00;2,21;2,78;3583,00;135681,00;1,87;2,78;2498,00;158074,00;20,23;31972,00;129961,00;20,23;26288,00;70170342,00;1,00;2,59;701972,00;64876259,00;0,20;2,59;130297,00;43132506,00;9,63;11,69;4153654,00;40988603,00;8,95;11,69;3668437,00;243189,00;"'2019+ecart connu entre 2020 et 2019";202306,00;"'2017-ecart connu entre 2017 et 2016";128369341,00;245717445,00;129240252,00;245793455,00;33746,00;33650,00;34301,00;34924,00;60969701,00;1806,72;42,79;142,79;28095871,00;70108165,42;40,08;3505408,27;12,48;6320890,00;14369,00;4285,00;29,82;468907682,00;13934,85;7554737,00;26,79;1793177,32;"13117";-11593052,02;-10349879,02;21491098,00;31840977,02;10349879,02
"CA du Pays d'Aix en Provence (Capa)";13118;"Coudoux";967772,00;28,70;31,02;278043,00;438867,00;27,11;31,02;118955,00;901976,00;26,79;136136,54;120,52;133,74;43368,00;13144,00;30224,00;0,00;29870,00;12733,00;17137,00;0,00;2019,00;;19915,00;2,21;2,78;422,00;20059,00;1,87;2,78;353,00;6681,00;20,23;1349,00;7431,00;20,23;1499,00;3494936,00;1,00;2,59;34928,00;3130763,00;0,20;2,59;6294,00;5328022,00;9,63;11,69;513115,00;4961640,00;8,95;11,69;444092,00;8530,00;"'2019+ecart connu entre 2020 et 2019";10875,00;"'2017-ecart connu entre 2017 et 2016";128369341,00;245717445,00;129240252,00;245793455,00;3841,00;3816,00;3749,00;3582,00;3621024,00;942,73;-25,49;74,51;509784,00;3793280,98;13,44;189664,05;37,20;384688,00;1516,00;66,00;4,35;70221098,00;18401,76;29870,00;26,79;40936,76;"13118";331009,97;331852,47;331290,00;-562,47;-331852,47
"CU de Marseille Provence Métropole (Mpm)";13119;"Carnoux-en-Provence";1345393,00;31,93;31,02;426590,00;1140083,00;32,46;31,02;370159,00;1124785,00;32,63;353653,75;18,01;15,25;225788,00;103627,00;122161,00;0,00;154375,00;47408,00;106967,00;80692,00;;57683,00;8479,00;3,38;2,78;283,00;7213,00;3,63;2,78;256,00;8178,00;20,23;1651,00;6909,00;20,23;1394,00;7054438,00;3,39;2,59;239634,00;6636975,00;3,78;2,59;250886,00;9639054,00;13,42;11,69;1293579,00;9139733,00;14,00;11,69;1279644,00;12610,00;"'2019+ecart connu entre 2020 et 2019";10046,00;"'2017-ecart connu entre 2017 et 2016";128369341,00;245717445,00;129240252,00;245793455,00;6871,00;6683,00;6629,00;6861,00;6384155,00;929,14;-26,57;73,43;81121,00;6173315,90;1,31;308665,80;100,00;831583,00;2898,00;422,00;14,56;120647369,00;18052,88;154375,00;32,63;-21660,83;"13119";761823,41;803481,46;747331,00;-56150,46;-803481,46
"CA du Pays d'Aubagne et de l'Etoile (Capae)";83120;"Saint-Zacharie";587576,00;32,87;31,02;193197,00;549359,00;34,02;31,02;186951,00;497975,00;34,33;170411,16;6,96;3,34;72907,00;23694,00;49213,00;0,00;60737,00;22640,00;38097,00;34028,00;2019,00;;46538,00;3,23;2,78;1425,00;46609,00;3,42;2,78;1532,00;32140,00;20,23;6336,00;32663,00;20,23;6563,00;5959088,00;1,00;2,59;59594,00;5142437,00;0,20;2,59;10327,00;9423678,00;10,95;11,69;1031886,00;8197175,00;10,71;11,69;877917,00;10881,00;"'2019+ecart connu entre 2020 et 2019";9180,00;"'2017-ecart connu entre 2017 et 2016";128369341,00;245717445,00;129240252,00;245793455,00;5774,00;5682,00;5615,00;5173,00;5065108,00;877,23;-30,67;69,33;28395,00;5697503,79;0,50;284875,19;100,00;633476,00;2590,00;131,00;5,06;93948731,00;16534,45;60737,00;34,33;-19448,77;"83120";463950,00;491855,36;317349,00;-174506,36;-491855,36
"CA du Pays d'Aix en Provence (Capa)";84089;"Pertuis";7849741,00;28,70;31,02;2251991,00;7239807,00;27,11;31,02;1962560,00;7399457,00;26,79;2245788,13;8,42;14,75;1173792,00;723630,00;447448,00;2714,00;1074705,00;685921,00;388784,00;480124,00;;503867,00;452440,00;2,21;2,78;9905,00;437687,00;1,87;2,78;8051,00;57752,00;20,23;11678,00;59023,00;20,23;11933,00;24730433,00;1,00;2,59;247247,00;22876322,00;0,20;2,59;45923,00;26089305,00;11,06;11,69;2885583,00;24747038,00;10,86;11,69;2687471,00;130068,00;"'2019+ecart connu entre 2020 et 2019";128364,00;"'2017-ecart connu entre 2017 et 2016";128369341,00;245717445,00;129240252,00;245793455,00;20866,00;20730,00;20527,00;19905,00;22249889,00;1066,32;-15,73;84,27;4026708,00;25896516,74;15,55;1294825,84;32,16;2440897,00;9409,00;936,00;9,95;305614607,00;14742,62;1074705,00;26,79;332044,04;"84089";1272213,53;1778183,53;4047653,00;2269469,47;-1778183,53
